ATM|FALLA|CAUSA|FECHA_INICIO|HORA_INICIO|FRACCION_HRS_F|HRS_FUERA|FAULTID|VENTANA
0010|Contingencia|Sin atencion por contingencia|2020-03-31|14:00:00|0.833|197|2364|Contingencia
0012|Contingencia|Sin atencion por contingencia|2020-04-02|03:05:01|0.75|160|2364|Contingencia
0013|Contingencia|Sin atencion por contingencia|2020-04-08|18:58:59|0.866|1|2364|Contingencia
0038|Contingencia|Sin atencion por contingencia|2020-03-23|10:18:06|0.533|393|2364|Contingencia
0040|Contingencia|Sin atencion por contingencia|2020-03-21|18:11:02|0.649|433|2364|Contingencia
0054|Contingencia|Sin atencion por contingencia|2020-04-01|09:54:01|0.933|177|2364|Contingencia
0151|Fallas Otras causas|Lectora - Shutter atascado o cerrado 205|2020-04-08|17:30:01|0.333|3|205|Recuperacion Manual
0169|Contingencia|Sin atencion por contingencia|2020-03-26|13:57:11|0.883|317|2364|Contingencia
0256|Contingencia|Sin atencion por contingencia|2020-03-24|22:08:01|0.699|357|2364|Contingencia
0344|Contingencia|Sin atencion por contingencia|2020-03-24|13:00:38|0.833|366|2364|Contingencia
0347|Contingencia|Sin atencion por contingencia|2020-04-03|23:15:01|0.583|116|2364|Contingencia
0427|Contingencia|Sin atencion por contingencia|2020-04-08|16:03:02|0.783|4|2364|Contingencia
0515|Contingencia|Sin atencion por contingencia|2020-04-02|16:45:00|0.083|147|2364|Contingencia
0518|Contingencia|Sin atencion por contingencia|2020-04-07|10:43:22|0.116|34|2364|Contingencia
0534|Contingencia|Sin atencion por contingencia|2020-04-02|16:45:00|0.083|147|2364|Contingencia
0541|Contingencia|Sin atencion por contingencia|2020-04-02|16:45:00|0.083|147|2364|Contingencia
0658|Contingencia|Sin atencion por contingencia|2020-03-22|06:04:00|0.766|421|2364|Contingencia
0706|Contingencia|Sin atencion por contingencia|2020-04-07|10:23:27|0.45|34|2364|Contingencia
0801|Fallas por Aplicativo|Monitor en negro / TFS|2020-04-06|18:35:23|0.25|50|21|Mantenimiento Tecnico
0830|Contingencia|Sin atencion por contingencia|2020-04-08|15:34:10|0.266|5|2364|Contingencia
0838|Contingencia|Sin atencion por contingencia|2020-04-02|16:38:00|0.199|147|2364|Contingencia
1007|Contingencia|Sin atencion por contingencia|2020-04-08|09:05:43|0.75|11|2364|Contingencia
1052|Contingencia|Sin atencion por contingencia|2020-04-02|10:44:54|0.099|153|2364|Contingencia
1112|Fallas Otras causas|Medio|2020-04-08|13:00:00|0.833|7|16|Comunicaciones
1158|Contingencia|Sin atencion por contingencia|2020-03-26|11:36:34|0.233|320|2364|Contingencia
1182|Contingencia|Sin atencion por contingencia|2020-04-01|03:33:01|0.283|184|2364|Contingencia
1257|Contingencia|Sin atencion por contingencia|2020-04-06|18:17:38|0.549|50|2364|Contingencia
1278|Fallas por Aplicativo|Fuera de sesion (atn mto tec)|2020-04-07|08:38:55|0.2|36|21|Mantenimiento Tecnico
1303|Contingencia|Sin atencion por contingencia|2020-04-06|15:24:00|0.433|53|2364|Contingencia
1324|Contingencia|Sin atencion por contingencia|2020-03-23|13:47:54|0.05|390|2364|Contingencia
1465|Contingencia|Sin atencion por contingencia|2020-04-01|09:54:22|0.933|177|2364|Contingencia
1469|Contingencia|Sin atencion por contingencia|2020-03-24|13:06:41|0.733|366|2364|Contingencia
1472|Contingencia|Sin atencion por contingencia|2020-04-02|08:28:18|0.366|155|2364|Contingencia
1508|Contingencia|Sin atencion por contingencia|2020-03-27|09:46:05|0.066|298|2364|Contingencia
1523|Contingencia|Sin atencion por contingencia|2020-03-19|12:25:06|0.416|487|2364|Contingencia
1531|Fallas Otras causas|MT por ocurrencia de error en aceptador|2020-04-08|20:20:00|0.5|0|216|Mantenimiento Tecnico
1650|Contingencia|Sin atencion por contingencia|2020-04-03|23:40:01|0.166|116|2364|Contingencia
1678|Contingencia|Sin atencion por contingencia|2020-04-03|19:58:01|0.866|119|2364|Contingencia
1703|Fallas Otras causas|Posible billete at en Dis E024 / TFS|2020-04-08|20:15:27|0.583|0|202|Mantenimiento Tecnico
1959|Contingencia|Sin atencion por contingencia|2020-04-08|17:49:08|0.016|3|2364|Contingencia
1980|Fallas Dispensador|Posible billete atorado en dispensador e104 / TFS|2020-04-08|14:03:58|0.783|6|202|Mantenimiento Tecnico
2011|Fallas Otras causas|Sensor slida bloqueado E194 / TFS|2020-04-07|15:31:45|0.316|29|202|Mantenimiento Tecnico
2058|Fallas Dispensador|Posible billete atorado en dispensador e074|2020-04-08|19:20:02|0.5|1|201|Recuperacion Manual
2091|Contingencia|Sin atencion por contingencia|2020-04-04|14:47:14|0.049|101|2364|Contingencia
2224|Contingencia|Sin atencion por contingencia|2020-03-30|08:24:51|0.433|227|2364|Contingencia
2225|Contingencia|Sin atencion por contingencia|2020-03-30|08:24:57|0.433|227|2364|Contingencia
2254|Fallas Dispensador|Posible billete atorado en dispensador e104 / TFS|2020-04-07|15:57:08|0.883|28|202|Mantenimiento Tecnico
2396|Contingencia|Sin atencion por contingencia|2020-04-01|12:09:01|0.683|175|2364|Contingencia
2504|Contingencia|Sin atencion por contingencia|2020-04-02|14:11:09|0.65|149|2364|Contingencia
2513|Fallas por Aplicativo|Fuera de sesion (atn mto tec)|2020-04-08|14:33:09|0.283|6|21|Mantenimiento Tecnico
2526|Fallas Otras causas|Error en aceptador de billetes 216|2020-04-08|10:45:49|0.083|10|216|Mantenimiento Tecnico
2534|Fallas Otras causas|Medio|2020-04-08|13:17:37|0.549|7|16|Comunicaciones
2594|Contingencia|Sin atencion por contingencia|2020-03-26|17:47:03|0.05|314|2364|Contingencia
2628|Fallas Otras causas|Posible tarjeta at lec D114 / TFS|2020-04-08|20:16:06|0.566|0|206|Mantenimiento Tecnico
2698|Contingencia|Sin atencion por contingencia|2020-04-08|11:01:08|0.816|9|2364|Contingencia
2706|Contingencia|Sin atencion por contingencia|2020-04-08|18:45:41|0.083|2|2364|Contingencia
2763|Contingencia|Sin atencion por contingencia|2020-04-08|12:59:41|0.849|7|2364|Contingencia
2820|Fallas Otras causas|Error en aceptador de billetes 216|2020-04-08|18:17:19|0.549|2|216|Mantenimiento Tecnico
2835|Fallas por Aplicativo|Fuera de sesion (atn mto tec)|2020-04-08|15:14:11|0.599|5|21|Mantenimiento Tecnico
2876|Contingencia|Sin atencion por contingencia|2020-04-06|15:52:07|0.966|52|2364|Contingencia
2909|Contingencia|Sin atencion por contingencia|2020-03-30|10:30:07|0.333|225|2364|Contingencia
2956|Contingencia|Sin atencion por contingencia|2020-03-27|12:54:02|0.933|294|2364|Contingencia
3014|Fallas Otras causas|Error en aceptador de billetes 215|2020-04-08|20:43:01|0.116|0|215|Recuperacion Manual
3080|Fallas Aceptador|Error grave en aceptador de billetes|2020-04-08|19:12:01|0.633|1|216|Mantenimiento Tecnico
3320|Fallas por Aplicativo|Fuera de sesion (atn mto tec)|2020-04-08|16:10:00|0.666|4|21|Mantenimiento Tecnico
3370|Fallas Otras causas|Fuera de Sesion RA1|2020-04-08|13:38:00|0.15|0|34|Fuera de Sesion
3459|Contingencia|Sin atencion por contingencia|2020-04-02|10:41:47|0.15|153|2364|Contingencia
3476|Fallas Otras causas|Error en aceptador de billetes 216|2020-04-08|13:14:58|0.599|7|216|Mantenimiento Tecnico
3493|Fallas Otras causas|Error en aceptador de billetes 216|2020-04-08|14:03:38|0.783|6|216|Mantenimiento Tecnico
3505|Fallas por Aplicativo|Fuera de sesion (atn mto tec)|2020-04-08|19:35:29|0.25|1|21|Mantenimiento Tecnico
3538|Fallas Otras causas|Error en aceptador de billetes 215|2020-04-08|19:35:01|0.25|1|215|Recuperacion Manual
3546|Contingencia|Sin atencion por contingencia|2020-04-07|08:25:22|0.416|36|2364|Contingencia
3548|Contingencia|Sin atencion por contingencia|2020-04-05|22:57:02|0.883|69|2364|Contingencia
3594|Contingencia|Sin atencion por contingencia|2020-04-01|10:33:57|0.283|177|2364|Contingencia
3596|Contingencia|Sin atencion por contingencia|2020-04-01|10:33:20|0.283|177|2364|Contingencia
3715|Contingencia|Sin atencion por contingencia|2020-03-17|15:13:12|0.616|532|2364|Contingencia
3733|Contingencia|Sin atencion por contingencia|2020-04-07|05:50:00|0|39|2364|Contingencia
3775|Contingencia|Sin atencion por contingencia|2020-04-07|11:21:26|0.483|33|2364|Contingencia
3789|Fallas por Aplicativo|Fuera de sesion (atn mto tec)|2020-04-08|17:53:23|0.95|2|21|Mantenimiento Tecnico
4014|Contingencia|Sin atencion por contingencia|2020-03-30|19:28:06|0.366|216|2364|Contingencia
4031|Contingencia|Sin atencion por contingencia|2020-04-08|20:25:21|0.416|0|2364|Contingencia
4089|Contingencia|Sin atencion por contingencia|2020-04-02|20:38:02|0.199|143|2364|Contingencia
4138|Contingencia|Sin atencion por contingencia|2020-04-01|08:01:03|0.816|179|2364|Contingencia
4139|Contingencia|Sin atencion por contingencia|2020-04-08|19:34:03|0.266|1|2364|Contingencia
4163|Contingencia|Sin atencion por contingencia|2020-04-08|18:13:03|0.616|2|2364|Contingencia
4195|Contingencia|Sin atencion por contingencia|2020-04-06|18:19:14|0.516|50|2364|Contingencia
4232|Contingencia|Sin atencion por contingencia|2020-03-26|20:52:03|0.966|310|2364|Contingencia
4237|Fallas Otras causas|Error en aceptador de billetes 215|2020-04-08|18:04:02|0.766|2|215|Recuperacion Manual
4279|Fallas Otras causas|Error en aceptador de billetes 215|2020-04-08|20:44:02|0.1|0|215|Recuperacion Manual
4293|Fallas Otras causas|Fuera de Sesion RA1|2020-04-08|13:46:00|0.016|0|34|Fuera de Sesion
4381|Fallas Otras causas|Perdida de energia electrica en CR|2020-04-08|12:59:02|0.8|0|197|Falla por pérdida de energía
4395|Contingencia|Sin atencion por contingencia|2020-04-02|16:39:00|0.183|147|2364|Contingencia
4445|Contingencia|Sin atencion por contingencia|2020-04-01|17:55:09|0.916|169|2364|Contingencia
4567|Contingencia|Sin atencion por contingencia|2020-03-25|09:48:41|0.033|346|2364|Contingencia
4609|Contingencia|Sin atencion por contingencia|2020-03-27|17:46:06|0.066|290|2364|Contingencia
4678|Contingencia|Sin atencion por contingencia|2020-03-30|09:04:10|0.766|226|2364|Contingencia
4691|Contingencia|Sin atencion por contingencia|2020-04-06|09:00:13|0.833|59|2364|Contingencia
4765|Contingencia|Sin atencion por contingencia|2020-04-07|08:54:09|0.933|35|2364|Contingencia
4769|Fallas Lectora|Posible tarjeta atorado en lectora d114|2020-04-08|17:54:01|0.933|2|205|Recuperacion Manual
4818|Fallas Otras causas|Error en aceptador de billetes 216|2020-04-08|10:01:12|0.816|10|216|Mantenimiento Tecnico
4878|Fallas Otras causas|Error en aceptador de billetes 216|2020-04-08|13:49:59|0.016|7|216|Mantenimiento Tecnico
4902|Contingencia|Sin atencion por contingencia|2020-03-30|11:50:58|0|224|2364|Contingencia
4907|Contingencia|Sin atencion por contingencia|2020-04-08|09:35:19|0.25|11|2364|Contingencia
4916|Fallas Otras causas|Error en aceptador de billetes 216|2020-04-08|15:35:10|0.25|5|216|Mantenimiento Tecnico
4927|Contingencia|Sin atencion por contingencia|2020-04-08|09:49:03|0.016|11|2364|Contingencia
4965|Contingencia|Sin atencion por contingencia|2020-04-03|22:00:03|0.833|117|2364|Contingencia
4975|Contingencia|Sin atencion por contingencia|2020-04-06|13:41:42|0.149|55|2364|Contingencia
4988|Fallas Otras causas|Error en aceptador de billetes 216|2020-04-08|11:17:33|0.55|9|216|Mantenimiento Tecnico
5054|Contingencia|Sin atencion por contingencia|2020-03-30|11:43:54|0.116|224|2364|Contingencia
5069|Contingencia|Sin atencion por contingencia|2020-04-07|15:06:52|0.733|29|2364|Contingencia
5129|Contingencia|Sin atencion por contingencia|2020-03-31|20:27:02|0.383|191|2364|Contingencia
5331|Contingencia|Sin atencion por contingencia|2020-04-07|15:15:04|0.583|29|2364|Contingencia
5356|Contingencia|Sin atencion por contingencia|2020-04-07|19:56:40|0.899|24|2364|Contingencia
5362|Fallas Dispensador|Atasco de billete en el transporte del presentador o falla en el sensor de transporte|2020-04-08|18:58:01|0.866|1|201|Recuperacion Manual
5411|Fallas Otras causas|Error en aceptador de billetes 216|2020-04-07|17:15:14|0.583|27|216|Mantenimiento Tecnico
5458|Contingencia|Sin atencion por contingencia|2020-04-03|10:12:30|0.633|129|2364|Contingencia
5486|Contingencia|Sin atencion por contingencia|2020-04-07|10:19:08|0.516|34|2364|Contingencia
5599|Contingencia|Sin atencion por contingencia|2020-03-30|15:39:15|0.183|220|2364|Contingencia
5610|Contingencia|Sin atencion por contingencia|2020-04-01|11:11:10|0.65|176|2364|Contingencia
5658|Contingencia|Sin atencion por contingencia|2020-04-01|11:22:20|0.466|176|2364|Contingencia
5683|Contingencia|Sin atencion por contingencia|2020-03-26|21:08:00|0.699|310|2364|Contingencia
5696|Contingencia|Sin atencion por contingencia|2020-04-03|18:29:01|0.349|121|2364|Contingencia
5704|Contingencia|Sin atencion por contingencia|2020-04-08|18:11:15|0.649|2|2364|Contingencia
5760|Contingencia|Sin atencion por contingencia|2020-04-03|20:39:01|0.183|119|2364|Contingencia
5826|Contingencia|Sin atencion por contingencia|2020-04-08|16:58:48|0.866|3|2364|Contingencia
5827|Contingencia|Sin atencion por contingencia|2020-04-07|22:53:01|0.949|21|2364|Contingencia
5847|Contingencia|Sin atencion por contingencia|2020-04-08|18:51:01|0.983|1|2364|Contingencia
5881|Contingencia|Sin atencion por contingencia|2020-04-06|15:58:40|0.866|52|2364|Contingencia
5909|Fallas por Aplicativo|Fuera de sesion (atn mto tec)|2020-04-08|15:34:24|0.266|5|21|Mantenimiento Tecnico
5935|Fallas Otras causas|D104 Shuter atorado / TFS|2020-04-08|12:28:32|0.366|8|206|Mantenimiento Tecnico
5977|Fallas Dispensador|Posible billete atorado en dispensador e104 / TFS|2020-04-08|18:22:11|0.466|2|202|Mantenimiento Tecnico
6062|Contingencia|Sin atencion por contingencia|2020-03-30|11:43:36|0.116|224|2364|Contingencia
6204|Contingencia|Sin atencion por contingencia|2020-03-21|11:32:09|0.3|440|2364|Contingencia
6256|Fallas Otras causas|Fuera de Sesion RA1|2020-04-08|13:46:00|0.016|0|34|Fuera de Sesion
6300|Contingencia|Sin atencion por contingencia|2020-04-08|19:30:30|0.333|1|2364|Contingencia
6334|Contingencia|Sin atencion por contingencia|2020-03-31|13:13:23|0.616|198|2364|Contingencia
6339|Contingencia|Sin atencion por contingencia|2020-04-07|14:50:42|0|30|2364|Contingencia
6382|Contingencia|Sin atencion por contingencia|2020-03-31|13:15:07|0.583|198|2364|Contingencia
6383|Contingencia|Sin atencion por contingencia|2020-03-31|13:15:42|0.583|198|2364|Contingencia
6455|Contingencia|Sin atencion por contingencia|2020-03-24|12:56:05|0.899|366|2364|Contingencia
6456|Contingencia|Sin atencion por contingencia|2020-03-27|11:00:02|0.833|296|2364|Contingencia
6612|Contingencia|Sin atencion por contingencia|2020-04-03|18:09:37|0.683|121|2364|Contingencia
6614|Contingencia|Sin atencion por contingencia|2020-04-08|11:02:28|0.8|9|2364|Contingencia
6623|Fallas Otras causas|E094 Tarjeta Disp con falla 201|2020-04-08|20:44:01|0.1|0|201|Recuperacion Manual
6651|Fallas Otras causas|Fuera de Sesion RA1|2020-04-08|13:46:00|0.016|0|34|Fuera de Sesion
6742|Fallas Aceptador|Error grave en aceptador de billetes|2020-04-08|20:45:01|0.083|0|216|Mantenimiento Tecnico
6916|Contingencia|Sin atencion por contingencia|2020-04-07|18:02:23|0.8|26|2364|Contingencia
6928|Fallas por Aplicativo|Fuera de sesion (atn mto tec)|2020-04-08|11:00:14|0.833|9|21|Mantenimiento Tecnico
6963|Fallas Otras causas|Error en aceptador de billetes 215|2020-04-08|20:43:01|0.116|0|215|Recuperacion Manual
7029|Contingencia|Sin atencion por contingencia|2020-03-26|14:56:50|0.899|316|2364|Contingencia
7033|Contingencia|Sin atencion por contingencia|2020-04-03|11:26:21|0.4|128|2364|Contingencia
7034|Contingencia|Sin atencion por contingencia|2020-03-31|11:33:06|0.283|200|2364|Contingencia
7043|Contingencia|Sin atencion por contingencia|2020-04-03|17:51:20|0.983|121|2364|Contingencia
7044|Contingencia|Sin atencion por contingencia|2020-03-23|14:40:48|0.166|389|2364|Contingencia
7062|Contingencia|Sin atencion por contingencia|2020-04-03|23:46:02|0.066|116|2364|Contingencia
7066|Contingencia|Sin atencion por contingencia|2020-04-03|23:46:02|0.066|116|2364|Contingencia
7109|Contingencia|Sin atencion por contingencia|2020-03-31|11:33:33|0.283|200|2364|Contingencia
7163|Fallas Otras causas|Error en aceptador de billetes 216|2020-04-08|14:15:18|0.583|6|216|Mantenimiento Tecnico
7217|Fallas Otras causas|Perdida de energia electrica en CR|2020-04-08|12:59:01|0.8|0|197|Falla por pérdida de energía
7228|Fallas Otras causas|Perdida de energia electrica en CR|2020-04-08|12:59:02|0.8|0|197|Falla por pérdida de energía
7229|Fallas Otras causas|Error en aceptador de billetes 216|2020-04-08|12:19:17|0.516|8|216|Mantenimiento Tecnico
7245|Fallas Otras causas|Error en aceptador de billetes 216|2020-04-08|19:45:04|0.083|1|216|Mantenimiento Tecnico
7258|Contingencia|Sin atencion por contingencia|2020-04-02|16:39:00|0.183|147|2364|Contingencia
7318|Contingencia|Sin atencion por contingencia|2020-04-07|19:56:49|0.899|24|2364|Contingencia
7335|Contingencia|Sin atencion por contingencia|2020-04-07|19:56:59|0.899|24|2364|Contingencia
7336|Contingencia|Sin atencion por contingencia|2020-04-07|19:57:08|0.883|24|2364|Contingencia
7369|Contingencia|Sin atencion por contingencia|2020-04-08|19:45:13|0.083|1|2364|Contingencia
7380|Fallas Otras causas|Error en aceptador de billetes 216|2020-04-08|16:07:22|0.716|4|216|Mantenimiento Tecnico
7479|Contingencia|Sin atencion por contingencia|2020-03-31|16:44:07|0.099|195|2364|Contingencia
7567|Fallas Otras causas|Error en aceptador de billetes 216|2020-04-08|08:55:43|0.916|11|216|Mantenimiento Tecnico
7655|Contingencia|Sin atencion por contingencia|2020-04-08|11:01:00|0.816|9|2364|Contingencia
7726|Fallas Otras causas|Perdida de energia electrica en CR|2020-04-08|12:59:01|0.8|0|197|Falla por pérdida de energía
7727|Fallas Otras causas|Perdida de energia electrica en CR|2020-04-08|12:59:01|0.8|0|197|Falla por pérdida de energía
7728|Fallas Otras causas|Perdida de energia electrica en CR|2020-04-08|12:59:01|0.8|0|197|Falla por pérdida de energía
7729|Fallas Otras causas|Perdida de energia electrica en CR|2020-04-08|12:59:01|0.8|0|197|Falla por pérdida de energía
7774|Fallas por Aplicativo|Reset ATM|2020-04-08|19:38:53|0.199|1|95|Recuperacion Manual
7854|Contingencia|Sin atencion por contingencia|2020-03-31|10:22:43|0.466|201|2364|Contingencia
7925|Fallas Otras causas|Error en aceptador de billetes 215|2020-04-08|19:04:02|0.766|1|215|Recuperacion Manual
7957|Contingencia|Sin atencion por contingencia|2020-04-08|18:15:54|0.583|2|2364|Contingencia
8016|Contingencia|Sin atencion por contingencia|2020-04-03|19:19:49|0.516|120|2364|Contingencia
8099|Contingencia|Sin atencion por contingencia|2020-03-30|11:43:24|0.116|224|2364|Contingencia
8102|Contingencia|Sin atencion por contingencia|2020-03-30|11:43:05|0.116|224|2364|Contingencia
8269|Contingencia|Sin atencion por contingencia|2020-04-01|23:38:01|0.199|164|2364|Contingencia
8315|Contingencia|Sin atencion por contingencia|2020-03-19|12:59:55|0.85|486|2364|Contingencia
8326|Contingencia|Sin atencion por contingencia|2020-03-31|15:00:00|0.833|196|2364|Contingencia
8484|Fallas Otras causas|Sin efectivo|2020-04-08|20:43:01|0.116|0|1063106300009|Sin Efectivo
8520|Contingencia|Sin atencion por contingencia|2020-04-01|18:05:38|0.75|169|2364|Contingencia
8553|Contingencia|Sin atencion por contingencia|2020-04-08|17:15:12|0.583|3|2364|Contingencia
8562|Fallas por Aplicativo|Fuera de sesion (atn mto tec)|2020-04-08|17:23:02|0.45|3|21|Mantenimiento Tecnico
8579|Fallas Otras causas|Error en aceptador de billetes 216|2020-04-08|19:00:56|0.833|1|216|Mantenimiento Tecnico
8608|Fallas Otras causas|Error en aceptador de billetes 216|2020-04-08|17:51:59|0.983|2|216|Mantenimiento Tecnico
8610|Contingencia|Sin atencion por contingencia|2020-04-08|18:11:59|0.649|2|2364|Contingencia
8641|Fallas Otras causas|Sin efectivo|2020-04-08|20:16:05|0.566|0|1063106300009|Sin Efectivo
8695|Contingencia|Sin atencion por contingencia|2020-04-07|19:57:20|0.883|24|2364|Contingencia
8748|Contingencia|Sin atencion por contingencia|2020-04-06|20:32:58|0.299|48|2364|Contingencia
8786|Contingencia|Sin atencion por contingencia|2020-04-07|17:46:31|0.066|27|2364|Contingencia
8977|Contingencia|Sin atencion por contingencia|2020-03-26|13:49:10|0.016|318|2364|Contingencia
8978|Contingencia|Sin atencion por contingencia|2020-03-25|19:22:41|0.466|336|2364|Contingencia
8983|Contingencia|Sin atencion por contingencia|2020-04-02|00:00:00|0.833|163|2364|Contingencia
9018|Contingencia|Sin atencion por contingencia|2020-04-07|15:58:29|0.866|28|2364|Contingencia
9115|Fallas Otras causas|Error en aceptador de billetes 215|2020-04-08|19:06:01|0.733|1|215|Recuperacion Manual
9119|Contingencia|Sin atencion por contingencia|2020-03-28|09:42:41|0.133|274|2364|Contingencia
9122|Contingencia|Sin atencion por contingencia|2020-03-28|09:43:08|0.116|274|2364|Contingencia
9156|Contingencia|Sin atencion por contingencia|2020-03-30|09:02:43|0.8|226|2364|Contingencia
9206|Contingencia|Sin atencion por contingencia|2020-04-07|13:24:31|0.433|31|2364|Contingencia
9279|Fallas Otras causas|Error en aceptador de billetes 216|2020-04-08|17:52:21|0.966|2|216|Mantenimiento Tecnico
9282|Contingencia|Sin atencion por contingencia|2020-03-20|15:58:32|0.866|459|2364|Contingencia
9308|Contingencia|Sin atencion por contingencia|2020-04-06|14:10:00|0.666|54|2364|Contingencia
9380|Contingencia|Sin atencion por contingencia|2020-04-08|16:58:16|0.866|3|2364|Contingencia
9384|Contingencia|Sin atencion por contingencia|2020-04-06|12:12:29|0.633|56|2364|Contingencia
9397|Fallas Lectora|"Falla lectora ""posible tarjeta atorada"""|2020-04-08|18:58:01|0.866|1|205|Recuperacion Manual
9412|Fallas Otras causas|Falla en teclados / TFS|2020-04-07|16:25:27|0.416|28|208|Mantenimiento Tecnico
9464|Contingencia|Sin atencion por contingencia|2020-03-31|13:11:02|0.65|198|2364|Contingencia
9469|Contingencia|Sin atencion por contingencia|2020-04-02|22:56:02|0.9|140|2364|Contingencia
9507|Fallas Dispensador|E114 Presentador con falla / TFS|2020-04-08|16:40:06|0.166|4|202|Mantenimiento Tecnico
9536|Contingencia|Sin atencion por contingencia|2020-03-17|15:06:36|0.733|532|2364|Contingencia
9602|Contingencia|Sin atencion por contingencia|2020-03-25|17:39:04|0.183|338|2364|Contingencia
9635|Contingencia|Sin atencion por contingencia|2020-04-06|13:48:00|0.033|55|2364|Contingencia
9667|Contingencia|Sin atencion por contingencia|2020-04-07|20:50:31|0|24|2364|Contingencia
9753|Contingencia|Sin atencion por contingencia|2020-04-01|20:06:12|0.733|167|2364|Contingencia
9759|Contingencia|Sin atencion por contingencia|2020-04-02|10:38:38|0.199|153|2364|Contingencia
9761|Contingencia|Sin atencion por contingencia|2020-04-08|08:48:48|0.033|12|2364|Contingencia
9764|Fallas por Aplicativo|Fuera de sesion (atn mto tec)|2020-04-08|09:15:26|0.583|11|21|Mantenimiento Tecnico
9891|Contingencia|Sin atencion por contingencia|2020-04-07|22:02:01|0.8|22|2364|Contingencia
9902|Fallas Otras causas|Reincidencia modulo / TFS|2020-04-08|15:50:14|0|5|202|Mantenimiento Tecnico
9904|Contingencia|Sin atencion por contingencia|2020-04-06|16:56:00|0.899|51|2364|Contingencia
9971|Fallas Otras causas|Sin efectivo|2020-04-08|20:17:03|0.55|0|1063106300009|Sin Efectivo
A077|Contingencia|Sin atencion por contingencia|2020-04-01|15:37:49|0.216|172|2364|Contingencia
A097|Contingencia|Sin atencion por contingencia|2020-03-30|12:54:03|0.933|222|2364|Contingencia
A136|Contingencia|Sin atencion por contingencia|2020-04-08|10:14:31|0.599|10|2364|Contingencia
A138|Fallas Otras causas|Perdida de energia electrica en CR|2020-04-08|13:39:00|0.133|0|197|Falla por pérdida de energía
A166|Contingencia|Sin atencion por contingencia|2020-04-03|20:39:01|0.183|119|2364|Contingencia
A195|Contingencia|Sin atencion por contingencia|2020-04-02|10:44:33|0.099|153|2364|Contingencia
A272|Contingencia|Sin atencion por contingencia|2020-03-19|15:11:25|0.649|484|2364|Contingencia
A444|Contingencia|Sin atencion por contingencia|2020-04-01|11:00:15|0.833|176|2364|Contingencia
A460|Contingencia|Sin atencion por contingencia|2020-04-01|15:47:43|0.05|172|2364|Contingencia
A475|Contingencia|Sin atencion por contingencia|2020-04-07|11:31:42|0.316|33|2364|Contingencia
A525|Fallas Dispensador|Posible billete atorado en dispensador e104 / TFS|2020-04-08|14:05:02|0.75|6|202|Mantenimiento Tecnico
A544|Contingencia|Sin atencion por contingencia|2020-04-01|09:36:14|0.233|178|2364|Contingencia
A598|Contingencia|Sin atencion por contingencia|2020-03-30|12:32:02|0.3|223|2364|Contingencia
A625|Contingencia|Sin atencion por contingencia|2020-04-08|17:59:37|0.85|2|2364|Contingencia
A689|Fallas por Aplicativo|Reset ATM|2020-04-08|19:04:56|0.766|1|95|Recuperacion Manual
A810|Contingencia|Sin atencion por contingencia|2020-04-08|19:50:08|0|1|2364|Contingencia
A811|Contingencia|Sin atencion por contingencia|2020-04-08|19:48:01|0.033|1|2364|Contingencia
A812|Contingencia|Sin atencion por contingencia|2020-04-08|19:48:22|0.033|1|2364|Contingencia
A837|Contingencia|Sin atencion por contingencia|2020-03-26|14:57:04|0.883|316|2364|Contingencia
A942|Contingencia|Sin atencion por contingencia|2020-03-22|14:34:01|0.266|413|2364|Contingencia
A944|Contingencia|Sin atencion por contingencia|2020-03-22|14:34:26|0.266|413|2364|Contingencia
B109|Fallas Dispensador|Posible billete atorado en dispensador e074|2020-04-08|19:51:02|0.983|0|201|Recuperacion Manual
B206|Fallas Otras causas|Rec. Manual por Antiskimming|2020-04-08|18:59:01|0.85|1|8|Recuperacion Manual
B268|Fallas Dispensador|E114 Presentador con falla / TFS|2020-04-08|18:14:21|0.6|2|202|Mantenimiento Tecnico
B283|Contingencia|Sin atencion por contingencia|2020-04-07|08:50:25|0|36|2364|Contingencia
B466|Contingencia|Sin atencion por contingencia|2020-03-31|18:02:25|0.8|193|2364|Contingencia
B517|Contingencia|Sin atencion por contingencia|2020-04-08|15:01:58|0.816|5|2364|Contingencia
B525|Contingencia|Sin atencion por contingencia|2020-03-31|20:23:57|0.449|191|2364|Contingencia
B526|Contingencia|Sin atencion por contingencia|2020-04-03|23:34:01|0.266|116|2364|Contingencia
B649|Contingencia|Sin atencion por contingencia|2020-04-06|08:00:33|0.833|60|2364|Contingencia
B651|Contingencia|Sin atencion por contingencia|2020-04-01|09:37:21|0.216|178|2364|Contingencia
B669|Fallas Otras causas|Error en aceptador de billetes 216|2020-04-08|20:09:58|0.683|0|216|Mantenimiento Tecnico
B677|Fallas Otras causas|Error en aceptador de billetes 216|2020-04-08|20:13:11|0.616|0|216|Mantenimiento Tecnico
B686|Contingencia|Sin atencion por contingencia|2020-04-01|20:12:02|0.633|167|2364|Contingencia
B689|Contingencia|Sin atencion por contingencia|2020-04-08|08:31:14|0.316|12|2364|Contingencia
B935|Contingencia|Sin atencion por contingencia|2020-04-08|18:41:03|0.149|2|2364|Contingencia
C007|Contingencia|Sin atencion por contingencia|2020-04-08|19:41:01|0.149|1|2364|Contingencia
C211|Contingencia|Sin atencion por contingencia|2020-04-06|10:42:01|0.133|58|2364|Contingencia
C302|Contingencia|Sin atencion por contingencia|2020-04-08|16:21:37|0.483|4|2364|Contingencia
C334|Fallas Otras causas|Fuera de Sesion RA1|2020-04-08|13:32:00|0.25|0|34|Fuera de Sesion
C535|Contingencia|Sin atencion por contingencia|2020-04-06|15:50:00|0|53|2364|Contingencia
C619|Contingencia|Sin atencion por contingencia|2020-04-08|19:53:02|0.95|0|2364|Contingencia
C721|Contingencia|Sin atencion por contingencia|2020-03-19|08:01:00|0.816|491|2364|Contingencia
C738|Contingencia|Sin atencion por contingencia|2020-04-08|12:42:01|0.133|8|2364|Contingencia
C798|Contingencia|Sin atencion por contingencia|2020-04-08|14:34:47|0.266|6|2364|Contingencia
C806|Fallas Otras causas|Fuera de Sesion RA1|2020-04-08|13:46:00|0.016|0|34|Fuera de Sesion
D001|Fallas por Aplicativo|Fuera de sesion (atn mto tec)|2020-04-08|14:41:34|0.15|6|21|Mantenimiento Tecnico
D006|Contingencia|Sin atencion por contingencia|2020-04-08|18:25:05|0.416|2|2364|Contingencia
D028|Contingencia|Sin atencion por contingencia|2020-04-03|23:36:01|0.233|116|2364|Contingencia
D040|Contingencia|Sin atencion por contingencia|2020-04-08|18:13:08|0.616|2|2364|Contingencia
D165|Fallas Otras causas|MT por ocurrencia de error en aceptador|2020-04-08|20:15:00|0.583|0|216|Mantenimiento Tecnico
D222|Contingencia|Sin atencion por contingencia|2020-04-08|18:44:59|0.1|2|2364|Contingencia
D319|Contingencia|Sin atencion por contingencia|2020-04-08|18:10:52|0.666|2|2364|Contingencia
D353|Fallas Otras causas|Sin efectivo|2020-04-08|20:00:04|0.833|0|1063106300009|Sin Efectivo
D354|Contingencia|Sin atencion por contingencia|2020-04-08|19:49:49|0.016|1|2364|Contingencia
D371|Contingencia|Sin atencion por contingencia|2020-04-08|19:10:37|0.666|1|2364|Contingencia
D384|Contingencia|Sin atencion por contingencia|2020-03-19|08:38:25|0.199|491|2364|Contingencia
D385|Contingencia|Sin atencion por contingencia|2020-03-19|08:38:39|0.199|491|2364|Contingencia
D419|Fallas Otras causas|Fuera de Sesion RA1|2020-04-08|13:46:00|0.016|0|34|Fuera de Sesion
D427|Fallas por Aplicativo|Reset ATM|2020-04-08|19:38:31|0.199|1|95|Recuperacion Manual
D452|Fallas por Aplicativo|Fuera de sesion (atn mto tec)|2020-04-08|10:25:25|0.416|10|21|Mantenimiento Tecnico
D461|Contingencia|Sin atencion por contingencia|2020-04-08|12:10:05|0.666|8|2364|Contingencia
D537|Contingencia|Sin atencion por contingencia|2020-04-08|19:33:47|0.283|1|2364|Contingencia
D538|Fallas Otras causas|Fuera de Sesion RA1|2020-04-08|13:46:00|0.016|0|34|Fuera de Sesion
D542|Fallas por Aplicativo|Reset ATM|2020-04-08|19:04:36|0.766|1|95|Recuperacion Manual
D632|Fallas Otras causas|Falla de imp de clientes G004/TFS|2020-04-08|18:38:33|0.2|2|21|Mantenimiento Tecnico
D634|Fallas Otras causas|Error en aceptador de billetes 216|2020-04-08|18:31:07|0.316|2|216|Mantenimiento Tecnico
D658|Fallas Otras causas|Error en aceptador de billetes 216|2020-04-08|09:22:18|0.466|11|216|Mantenimiento Tecnico
D707|Contingencia|Sin atencion por contingencia|2020-04-08|18:34:39|0.266|2|2364|Contingencia
D741|Contingencia|Sin atencion por contingencia|2020-04-08|18:37:58|0.216|2|2364|Contingencia
D780|Contingencia|Sin atencion por contingencia|2020-04-06|15:50:00|0|53|2364|Contingencia
D794|Fallas Otras causas|Falla en el cash slot|2020-04-08|20:19:00|0.516|0|8|Recuperacion Manual
D800|Contingencia|Sin atencion por contingencia|2020-04-02|03:04:02|0.766|160|2364|Contingencia
D854|Fallas Otras causas|Error en aceptador de billetes 216|2020-04-08|15:17:08|0.549|5|216|Mantenimiento Tecnico
D894|Contingencia|Sin atencion por contingencia|2020-04-08|14:21:09|0.483|6|2364|Contingencia
D931|Fallas Otras causas|Error en aceptador de billetes 216|2020-04-08|16:33:47|0.283|4|216|Mantenimiento Tecnico
D958|Contingencia|Sin atencion por contingencia|2020-04-08|18:39:30|0.183|2|2364|Contingencia
D987|Fallas Dispensador|E114 Presentador con falla / TFS|2020-04-08|16:33:44|0.283|4|202|Mantenimiento Tecnico
E123|Fallas Otras causas|Error en aceptador de billetes 216|2020-04-08|16:12:51|0.633|4|216|Mantenimiento Tecnico
E147|Fallas Otras causas|Error en aceptador de billetes 216|2020-04-08|16:13:49|0.616|4|216|Mantenimiento Tecnico
E176|Fallas Otras causas|Error en aceptador de billetes 216|2020-04-08|17:25:13|0.416|3|216|Mantenimiento Tecnico
E227|Fallas Otras causas|E134 Shuter atorado / TFS|2020-04-08|11:46:05|0.066|9|202|Mantenimiento Tecnico
E327|Contingencia|Sin atencion por contingencia|2020-04-08|19:50:36|0|1|2364|Contingencia
E349|Fallas Otras causas|Error en aceptador de billetes 216|2020-04-08|19:37:39|0.216|1|216|Mantenimiento Tecnico
E527|Contingencia|Sin atencion por contingencia|2020-04-07|14:16:01|0.566|30|2364|Contingencia
E557|Fallas Otras causas|Falla en el cash slot|2020-04-08|20:09:00|0.683|0|8|Recuperacion Manual
E629|Fallas Dispensador|Posible billete at Dis E204/TFS|2020-04-08|09:45:11|0.083|11|202|Mantenimiento Tecnico
E634|Fallas Otras causas|Error en aceptador de billetes 216|2020-04-08|15:28:32|0.366|5|216|Mantenimiento Tecnico
E684|Contingencia|Sin atencion por contingencia|2020-04-08|19:55:47|0.916|0|2364|Contingencia
E687|Contingencia|Sin atencion por contingencia|2020-04-08|18:39:01|0.183|2|2364|Contingencia
E814|Contingencia|Sin atencion por contingencia|2020-04-08|17:00:00|0.833|3|2364|Contingencia
E835|Fallas Otras causas|Falla en el cash slot|2020-04-08|18:34:00|0.266|2|8|Recuperacion Manual
