CR|Sucursal|División|Zona
0007|D.F. CHURUBUSCO|METROPOLITANA SUR|BENITO JUAREZ
0008|D.F. MERCED|METROPOLITANA SUR|CENTRO
0009|LAS TORRES|METROPOLITANA NORTE|VALLEJO
0011|TLANEMEX|METROPOLITANA NORTE|SATELITE
0014|D.F. ERMITA|METROPOLITANA SUR|IZTAPALAPA
0016|D.F. LAGUNILLA|METROPOLITANA NORTE|REFORMA
0017|HEGEL|METROPOLITANA NORTE|POLANCO
0018|NIZA|METROPOLITANA NORTE|REFORMA
0020|NONOALCO|METROPOLITANA NORTE|AZCAPOTZALCO
0022|TLALNEPANTLA CENTRO|METROPOLITANA NORTE|TLALNEPANTLA
0024|D.F. XOCONGO|METROPOLITANA SUR|CENTRO
0028|D.F. XOLA|METROPOLITANA SUR|VIADUCTO
0030|WALTER C. BUCHANAN|METROPOLITANA NORTE|INTERLOMAS
0033|D.F. PEDREGAL|METROPOLITANA SUR|SAN ANGEL
0057|LA VILLA|METROPOLITANA NORTE|GUSTAVO A. MADERO
0066|D.F. CORREGIDORA|METROPOLITANA SUR|CENTRO
0069|GLORIETA DIANA|METROPOLITANA SUR|CONDESA
0071|D.F. FELIX CUEVAS SAN FRANCISCO|METROPOLITANA SUR|DEL VALLE
0077|D.F. RIVIERA|METROPOLITANA SUR|COYOACAN
0078|D.F. TEATRO INSURGENTES|METROPOLITANA SUR|DEL VALLE
0079|D.F. IZTACALCO|METROPOLITANA SUR|BENITO JUAREZ
0080|ARQUIMEDES|METROPOLITANA NORTE|POLANCO
0081|REVOLUCION ALTAVISTA|METROPOLITANA SUR|INSURGENTES
0093|MARIANO ESCOBEDO|METROPOLITANA NORTE|POLANCO
0103|SOR JUANA|METROPOLITANA NORTE|SATELITE
0105|16 DE septiembre|METROPOLITANA NORTE|INTERLOMAS
0115|SAN BARTOLO|METROPOLITANA NORTE|TOREO
0117|D.F. BAJA CALIFORNIA|METROPOLITANA SUR|VIADUCTO
0119|PLAZA COACALCO|METROPOLITANA NORTE|TULTITLAN
0120|TEXCOCO EMILIANO ZAPATA|METROPOLITANA SUR|NEZA
0128|PLAZA CRISTAL|METROPOLITANA NORTE|TLALNEPANTLA
0129|LOMAS DE SAN MATEO|METROPOLITANA NORTE|TOREO
0133|D.F. TLAHUAC BARRIO|METROPOLITANA SUR|ORIENTE
0137|ECATEPEC CENTRO|METROPOLITANA NORTE|ECATEPEC
0142|PLAZA ATIZAPAN|METROPOLITANA NORTE|TLALNEPANTLA
0145|1°. DE MAYO|METROPOLITANA NORTE|CUAUTITLAN
0148|TULPETLAC|METROPOLITANA NORTE|ECATEPEC
0149|VENTA DE CARPIO|METROPOLITANA NORTE|TULTITLAN
0150|D.F. GOMEZ FARIAS|METROPOLITANA SUR|VENUSTIANO CARRANZA
0185|TEPALCATES|METROPOLITANA SUR|ORIENTE
0197|HUIXQUILUCAN BOSQUES|METROPOLITANA NORTE|INTERLOMAS
0204|MONTERREY REVOLUCION|NORESTE|MONTERREY SUR
0208|MONTERREY OBISPADO|NORESTE|MONTERREY NORTE
0219|SAN NICOLAS UNIVERSIDAD NORTE|NORESTE|MONTERREY SAN NICOLAS
0229|D.F. EL TRIUNFO|METROPOLITANA SUR|BENITO JUAREZ
0230|D.F. MUNICIPIO LIBRE|METROPOLITANA SUR|BENITO JUAREZ
0238|D.F. POPOCATEPETL|METROPOLITANA SUR|COYOACAN
0240|DURANGO 20 DE NOVIEMBRE|NORESTE|DURANGO
0244|CHALCO PLAZA 2000|METROPOLITANA SUR|ORIENTE
0251|TORREON SAN ISIDRO|NORESTE|LA LAGUNA
0253|GOMEZ PALACIO INDUSTRIAL|NORESTE|LA LAGUNA
0254|TORREON-COLON|NORESTE|LA LAGUNA
0257|D.F. PLAZA MIRAMONTES|METROPOLITANA SUR|COYOACAN
0263|MONCLOVA OFNA. PRINCIPAL|NORESTE|COAHUILA NORTE
0267|RIO CONSULADO|METROPOLITANA NORTE|VALLEJO
0272|CHIHUAHUA ZARCO|NOROESTE|CHIHUAHUA PLAZA
0273|CHIHUAHUA MALL|NOROESTE|CHIHUAHUA PLAZA
0278|SALTILLO ZONA DORADA|NORESTE|SALTILLO
0283|D.F. LAS AGUILAS|METROPOLITANA SUR|SANTA FE
0298|MEOQUI|NOROESTE|CHIHUAHUA FORANEAS
0302|CELAYA ABASOLO|BAJIO|CELAYA
0303|SAN FRANCISCO DEL RINCON PLAZA COLONIAL|BAJIO|LEON NORTE
0310|LAZARO CARDENAS MELCHOR OCAMPO|REGIONAL OCCIDENTE|URUAPAN
0313|ZACATECAS LOPEZ PORTILLO|BAJIO|ZACATECAS
0316|MORELIA VENTURA PUENTE|REGIONAL OCCIDENTE|MORELIA ORIENTE
0323|GUANAJUATO NEJAYOTE|BAJIO|GUANAJUATO
0333|LEON PINO SUAREZ|BAJIO|LEON NORTE
0342|IRAPUATO CAMPESTRE|BAJIO|IRAPUATO
0346|MARINA NACIONAL|METROPOLITANA NORTE|POLANCO
0353|CHIHUAHUA JOSE MA. IGLESIAS|NOROESTE|CHIHUAHUA PLAZA
0355|CHIHUAHUA PLAZA VALLARTA|NOROESTE|CHIHUAHUA PLAZA
0356|CHIHUAHUA SANTA RITA|NOROESTE|CHIHUAHUA PLAZA
0365|D.F. PABELLON BOSQUES|METROPOLITANA SUR|LOMAS
0366|D.F. ERMITA EL MANTO|METROPOLITANA SUR|IZTAPALAPA
0368|PLAZA OASIS|METROPOLITANA SUR|INSURGENTES
0373|CD. JUAREZ JILOTEPEC|NOROESTE|JUAREZ
0382|TORREON CUAUHTEMOC|NORESTE|LA LAGUNA
0386|SALTILLO SAN ISIDRO|NORESTE|SALTILLO
0405|AMERICAS|OCCIDENTE|GUADALAJARA ZAPOPAN
0410|TARASCAS|REGIONAL OCCIDENTE|MORELIA PONIENTE
0412|GUADALAJARA LOPEZ MATEOS|OCCIDENTE|GUADALAJARA DEL SOL
0414|16 DE septiembre|OCCIDENTE|GUADALAJARA CENTRO
0416|SAN ANDRES|OCCIDENTE|GUADALAJARA ORIENTE
0420|URUAPAN CARDENAS|REGIONAL OCCIDENTE|URUAPAN
0426|PLAZA ALEIRA|OCCIDENTE|GUADALAJARA ZAPOPAN
0430|LEON COECILLO|BAJIO|LEON SUR
0431|LEON JARDINES|BAJIO|LEON NORTE
0435|COOPERNICO|OCCIDENTE|GUADALAJARA DEL SOL
0440|MAZATLAN OLAS ALTAS|REGIONAL NOROESTE|SINALOA SUR
0441|MAZATLAN SABALO|REGIONAL NOROESTE|SINALOA SUR
0442|GUADALAJARA INDUSTRIAL|OCCIDENTE|GUADALAJARA INDUSTRIAL
0444|GUADALAJARA ALAMO INDUSTRIAL|OCCIDENTE|GUADALAJARA TLAQUEPAQUE
0447|MANZANILLO SANTIAGO SALAHUA|REGIONAL OCCIDENTE|COLIMA
0448|CD. GUZMAN CENTRO|REGIONAL OCCIDENTE|COLIMA
0452|VILLAS|REGIONAL OCCIDENTE|PUERTO VALLARTA
0453|PRINCIPAL PUERTO VALLARTA|REGIONAL OCCIDENTE|PUERTO VALLARTA
0460|AGUASCALIENTES AMERICAS|BAJIO|AGUASCALIENTES
0461|AGUASCALIENTES PULGAS PANDAS|BAJIO|AGUASCALIENTES
0465|QUERETARO ZARAGOZA|BAJIO|QUERETARO PONIENTE
0470|SAN LUIS POTOSI AVENIDA|BAJIO|SAN LUIS POTOSI URBANA
0474|LEON BOULEVARD|BAJIO|LEON SUR
0475|LEON PARQUE HIDALGO|BAJIO|LEON SUR
0478|INDEPENDENCIA|OCCIDENTE|GUADALAJARA ORIENTE
0481|LOS MOCHIS HIDALGO|REGIONAL NOROESTE|SINALOA NORTE
0483|AGUASCALIENTES QUIJOTE|BAJIO|AGUASCALIENTES
0485|SAN JUAN DEL RIO ZONA INDUSTRIAL|BAJIO|QUERETARO ORIENTE
0498|SAN LUIS POTOSI HIMNO NACIONAL|BAJIO|SAN LUIS POTOSI URBANA
0507|PUEBLA 43 ORIENTE|SUR|PUEBLA SUR
0512|PUEBLA FUERTES|SUR|PUEBLA CENTRO
0518|VERACRUZ MERCADO|SUR|VERACRUZ
0525|ATLIXCO CENTRO|SUR|PUEBLA SUR
0547|SAN CRISTOBAL CENTRO|SURESTE|TUXTLA
0561|TOLUCA COLON|METROPOLITANA NORTE|TOLUCA CENTRO
0564|TUXTLA LA FUENTE|SURESTE|TUXTLA
0572|CUERNAVACA ZAPATA|SUR|MORELOS NORTE
0575|CUERNAVACA LOMAS|SUR|MORELOS NORTE
0577|MINATITLAN JUSTO SIERRA|SUR|COATZACOALCOS
0584|ACAPULCO FLAMBOYANT|SUR|ACAPULCO
0586|COATZACOALCOS LAS PALMAS|SUR|COATZACOALCOS
0593|VERACRUZ SIMON BOLIVAR|SUR|VERACRUZ
0604|TIJUANA PLAZA CASTRO|NOROESTE|TIJUANA PLAZA
0613|TIJUANA CIMARRON|NOROESTE|TIJUANA PLAZA
0620|LOS CABOS ZARAGOZA|REGIONAL NOROESTE|BAJA CALIFORNIA SUR
0631|MEXICALI BOULEVARES|NOROESTE|MEXICALI
0634|ENSENADA BLANCARTE|NOROESTE|TIJUANA ENSENADA
0642|CD. OBREGON NAINARI|REGIONAL NOROESTE|SONORA SUR
0644|MAZATLAN PLAZA LAS AMERICAS|REGIONAL NOROESTE|SINALOA SUR
0653|CANANEA JUAREZ|REGIONAL NOROESTE|SONORA NORTE
0657|HERMOSILLO COLOSIO|REGIONAL NOROESTE|HERMOSILLO
0662|TIJUANA LAS HUERTAS|NOROESTE|TIJUANA PLAZA
0672|CULIACAN INSURGENTES|REGIONAL NOROESTE|CULIACAN
0676|TIJUANA SALINAS|NOROESTE|TIJUANA PLAZA
0678|NOGALES SUR|REGIONAL NOROESTE|SONORA NORTE
0693|SANTIAGO TIANGUISTENGO|METROPOLITANA NORTE|TOLUCA SUR
0700|CAMPOS ELISEOS|METROPOLITANA SUR|LOMAS
0702|MATAMOROS BRAVO PRIMERA|NORESTE|TAMAULIPAS NORTE
0717|BUGAMBILIAS|OCCIDENTE|GUADALAJARA DEL SOL
0718|CORDOBA PLAZA 11|SUR|XALAPA
0720|PARQUE INDUSTRIAL BERNARDO QUINTANA|BAJIO|QUERETARO PONIENTE
0721|TRANSITO PERIFERICO|REGIONAL OCCIDENTE|MORELIA PONIENTE
0727|PEDRO INFANTE|REGIONAL NOROESTE|CULIACAN
0728|PLAZA RIO SAN JOAQUIN|METROPOLITANA NORTE|TOREO
0731|PARQUES POLANCO|METROPOLITANA NORTE|POLANCO
0738|ZAVALETA|SUR|PUEBLA SUR
0739|PABELLON M|NORESTE|MONTERREY SUR
0742|PARQUE TOREO|METROPOLITANA NORTE|TOREO
0747|LOMA LARGA|NORESTE|MONTERREY VALLE
0748|ESTADIO|NORESTE|GUADALUPE
0750|CD. VICTORIA CARRERA|NORESTE|TAMAULIPAS SUR
0765|PLAZA LA CANTERA|REGIONAL OCCIDENTE|NAYARIT
0766|GALERIAS TOLUCA|METROPOLITANA NORTE|TOLUCA CENTRO
0780|TAMPICO ALTAMIRA Y COLON|NORESTE|TAMAULIPAS SUR
0782|TAMPICO LOMAS|NORESTE|TAMAULIPAS SUR
0786|PLAZA AEROPUERTO MONTERREY|NORESTE|MONTERREY SAN NICOLAS
0795|MARINA MAZATLAN|REGIONAL NOROESTE|SINALOA SUR
0796|OBREGON 200|REGIONAL NOROESTE|SONORA SUR
0798|PLAZA APIZACO|SUR|TLAXCALA
0800|ZENTRALIA CIUDAD DEL CARMEN|SURESTE|CAMPECHE
0802|MERIDA ZONA INDUSTRIAL|SURESTE|MERIDA ORIENTE
0803|MERIDA VILLAS DE LA HACIENDA|SURESTE|MERIDA PONIENTE
0808|MERIDA PLAZA DORADA|SURESTE|MERIDA PONIENTE
0850|CANCUN AV. TULUM|SURESTE|CANCUN
0851|CANCUN ZONA HOTELERA|SURESTE|CANCUN
0855|MERIDA PLAZA ORIENTE|SURESTE|MERIDA ORIENTE
0856|MERIDA PLAZA FIESTA|SURESTE|MERIDA ORIENTE
0858|VILLAHERMOSA CD. DEPORTIVA|SURESTE|VILLAHERMOSA SUR
0868|SORIANA FRESNILLO|BAJIO|ZACATECAS
0872|TENIXTEPEC|BAJIO|GUANAJUATO
0875|PLAZA LORETO|SUR|PUEBLA PERIFERIA
0879|MEXICO - TACUBA|METROPOLITANA NORTE|REFORMA
0881|IMSS MAZATLAN|REGIONAL NOROESTE|SINALOA SUR
0882|FERNANDO BAEZA|NOROESTE|CHIHUAHUA FORANEAS
0887|CAMPUS NORTE|NOROESTE|CHIHUAHUA PLAZA
0893|PLAZA CRYSTAL TEZIUTLAN|SUR|PUEBLA PERIFERIA
0894|PLAZA FLORIDA|SUR|COATZACOALCOS
0896|TERAN|SURESTE|TUXTLA
0897|ARKANA NORTE|METROPOLITANA NORTE|TULTITLAN
0898|PASEO SAN ISIDRO|REGIONAL NOROESTE|CULIACAN
0902|PARQUE KABAH|SURESTE|CANCUN
0911|INSURGENTES|REGIONAL OCCIDENTE|NAYARIT
0928|HERMOSILLO PLAZA QUIROGA|REGIONAL NOROESTE|HERMOSILLO
0947|PLAZA AMERICAS|METROPOLITANA SUR|COAPA
0948|REPUBLICA DE BRASIL|METROPOLITANA SUR|CENTRO
0949|PUERTO INTERIOR SILAO|BAJIO|LEON SUR
0962|MODULO GARITA NOGALES|REGIONAL NOROESTE|SONORA NORTE
0964|EL CHAPARRAL|NOROESTE|TIJUANA PLAZA
1001|CENTRO COMERCIAL DEL SOL|OCCIDENTE|GUADALAJARA DEL SOL
1003|ZAPOPAN GLORIETA CHAPALITA|OCCIDENTE|GUADALAJARA DEL SOL
1004|GUADALAJARA COLON INDUSTRIAL|OCCIDENTE|GUADALAJARA INDUSTRIAL
1011|LA GRAN PLAZA|OCCIDENTE|GUADALAJARA VALLARTA
1015|GUADALAJARA JARDINES DE LA CRUZ|OCCIDENTE|GUADALAJARA INDUSTRIAL
1017|HERMOSA PROVINCIA|OCCIDENTE|GUADALAJARA ORIENTE
1018|SAN ONOFRE|OCCIDENTE|GUADALAJARA ORIENTE
1021|CIRCUNVALACION OBLATOS|OCCIDENTE|GUADALAJARA ORIENTE
1025|EXPERIENCIA|OCCIDENTE|GUADALAJARA CENTRO
1028|GUADALAJARA MERCADO DE ABASTOS|OCCIDENTE|GUADALAJARA INDUSTRIAL
1029|MERCADO ALDAMA|OCCIDENTE|GUADALAJARA ORIENTE
1032|ARCOS VALLARTA|OCCIDENTE|GUADALAJARA VALLARTA
1047|HEROES FERROCARRILEROS|OCCIDENTE|GUADALAJARA INDUSTRIAL
1053|FRESNO|OCCIDENTE|GUADALAJARA INDUSTRIAL
1055|COLINAS DE LA NORMAL|OCCIDENTE|GUADALAJARA CENTRO
1057|CENTRAL CAMIONERA|OCCIDENTE|GUADALAJARA CENTRO
1058|SANTA TERESITA|OCCIDENTE|GUADALAJARA VALLARTA
1059|CENTRO MEDICO|OCCIDENTE|GUADALAJARA ORIENTE
1060|JUAREZ|OCCIDENTE|GUADALAJARA CENTRO
1061|JAVIER MINA|OCCIDENTE|GUADALAJARA CENTRO
1062|GLORIETA LA NORMAL|OCCIDENTE|GUADALAJARA CENTRO
1066|TLAQUEPAQUE PLAZA RIO NILO|OCCIDENTE|GUADALAJARA TLAQUEPAQUE
1069|GUADALAJARA COLONIA ATLAS|OCCIDENTE|GUADALAJARA INDUSTRIAL
1071|SANTA CECILIA|OCCIDENTE|GUADALAJARA ORIENTE
1072|REVOLUCION|OCCIDENTE|GUADALAJARA CENTRO
1076|MERCADO DEL CAMPESINO|OCCIDENTE|GUADALAJARA ORIENTE
1080|ZAPOPAN PATRIA TEPEYAC|OCCIDENTE|GUADALAJARA DEL SOL
1086|SANTA MARGARITA|OCCIDENTE|GUADALAJARA ZAPOPAN
1093|CULIACAN BOULEVARD MADERO|REGIONAL NOROESTE|CULIACAN
1095|SAMARA|METROPOLITANA SUR|SANTA FE
1104|VIA VALLEJO|METROPOLITANA NORTE|VALLEJO
1129|EL EDEN DURANGO|NORESTE|DURANGO
1140|NVO LAREDO MODULO ADUANAL PEQUEÑA IMPORTACION|NORESTE|TAMAULIPAS NORTE
1142|TORREON MODULO ADUANAL|NORESTE|LA LAGUNA
1143|NOGALES MODULO ADUANAL GARITA MARIPOSA|REGIONAL NOROESTE|SONORA NORTE
1144|CHIHUAHUA MODULO ADUANAL AEROPUERTO|NOROESTE|CHIHUAHUA PLAZA
1146|CHIHUAHUA MODULO ADUANAL FORD|NOROESTE|CHIHUAHUA PLAZA
1147|CD JUAREZ M.A. PUENTE INTERNAC. ZARAGOZA|NOROESTE|JUAREZ
1150|CANCUN MODULO ADUANAL|SURESTE|CANCUN
1152|AGUASCALIENTES MODULO ADUANAL|BAJIO|AGUASCALIENTES
1153|SAN LUIS POTOSI MODULO ADUANAL|BAJIO|SAN LUIS POTOSI URBANA
1154|PUEBLA MODULO ADUANAL|SUR|PUEBLA PERIFERIA
1157|MONTERREY CHAPULTEPEC|NORESTE|GUADALUPE
1161|GUANAJUATO MODULO ADUANAL|BAJIO|LEON SUR
1164|CD. VALLES GLORIETA|BAJIO|SAN LUIS POTOSI FORANEA
1166|APATZINGAN CENTRO|REGIONAL OCCIDENTE|URUAPAN
1173|PUERTA BAJIO LEON|BAJIO|LEON NORTE
1219|MORELIA SANTIAGUITO|REGIONAL OCCIDENTE|MORELIA PONIENTE
1234|URUAPAN SARABIA|REGIONAL OCCIDENTE|URUAPAN
1238|SAHUAYO|REGIONAL OCCIDENTE|LA PIEDAD
1245|SANTA ANA PACUECO|REGIONAL OCCIDENTE|LA PIEDAD
1264|AMATITAN|REGIONAL OCCIDENTE|AMECA
1271|PLAZA CONSTITUYENTES|BAJIO|QUERETARO PONIENTE
1276|D.F. ERMITA MIRAVALLE|METROPOLITANA SUR|BENITO JUAREZ
1278|D.F. XOCHIMILCO ARCOS|METROPOLITANA SUR|COAPA
1289|PLAZA TENAYUCA|METROPOLITANA NORTE|VALLEJO
1290|D.F. PLAZA DEL SALADO|METROPOLITANA SUR|NEZA
1294|CIUDAD AZTECA|METROPOLITANA NORTE|ECATEPEC
1297|LOS REYES FLORESTA|METROPOLITANA SUR|NEZA
1366|CUERNAVACA AVERANDA|SUR|MORELOS SUR
1376|ARCOS DEL MILENIO|OCCIDENTE|GUADALAJARA VALLARTA
1378|INSURGENTES VERMONT|METROPOLITANA SUR|DEL VALLE
1383|PLAZA SOLESTA|SUR|PUEBLA SUR
1385|URUAPAN AEROPUERTO|REGIONAL OCCIDENTE|URUAPAN
1391|EXPLANADA PUEBLA|SUR|PUEBLA NORTE
1392|PATIO TLALPAN|METROPOLITANA SUR|COAPA
1394|AMBAR FASHION|SURESTE|TUXTLA
1397|PASEO HIPODROMO|METROPOLITANA NORTE|INTERLOMAS
1398|PARQUE LAS ANTENAS|METROPOLITANA SUR|IZTAPALAPA
1418|GUADIANA DURANGO|NORESTE|DURANGO
1419|EXPLANADA PACHUCA|BAJIO|PACHUCA NORTE
1422|SENDERO SALTILLO|NORESTE|SALTILLO
1430|CITY CENTER VILLAHERMOSA|SURESTE|VILLAHERMOSA NORTE
1431|MERCADO PLAZA AÉREA|BAJIO|SAN LUIS POTOSI URBANA
1439|GALERIAS ATIZAPAN|METROPOLITANA NORTE|TLALNEPANTLA
1440|SAN TELMO TOWN CENTER|BAJIO|AGUASCALIENTES
1441|SENDERO LA FE APODACA|NORESTE|MONTERREY SAN NICOLAS
1464|SENDERO CHALCO|METROPOLITANA SUR|ORIENTE
1466|ISLA MÉRIDA|SURESTE|MERIDA ORIENTE
1476|PASEO MONCLOVA|NORESTE|COAHUILA NORTE
1520|PLAZA 450|NORESTE|DURANGO
1659|PROLEC GE|NORESTE|MONTERREY SAN NICOLAS
1698|MARIO PANI|METROPOLITANA SUR|SANTA FE
1871|PLAZA LOS SOLES|REGIONAL OCCIDENTE|MORELIA ORIENTE
3019|BELENES|OCCIDENTE|GUADALAJARA ZAPOPAN
3047|PASEO INTERLOMAS|METROPOLITANA NORTE|INTERLOMAS
3048|PATIO SANTA FE|METROPOLITANA SUR|SANTA FE
3217|PATZCUARO LIBRAMIENTO|REGIONAL OCCIDENTE|MORELIA PONIENTE
3434|D.F. MIXCOAC|METROPOLITANA SUR|INSURGENTES
3437|D.F. ROMA|METROPOLITANA SUR|CONDESA
3439|LUCERNA|METROPOLITANA NORTE|REFORMA
3449|D.F. COAHUILA|METROPOLITANA SUR|CONDESA
3464|RASTRO FERRERIA|METROPOLITANA NORTE|AZCAPOTZALCO
3473|D.F. CUAUHTEMOC|METROPOLITANA SUR|CONDESA
3504|SAN CRISTOBAL VIA MORELOS|METROPOLITANA NORTE|ECATEPEC
3509|CERRO GORDO|METROPOLITANA NORTE|ECATEPEC
3525|LA ROMANA|METROPOLITANA NORTE|SATELITE
3529|CIEN METROS|METROPOLITANA NORTE|VALLEJO
3533|D.F. SAN JOSE INSURGENTES|METROPOLITANA SUR|INSURGENTES
3534|D.F. PICACHO|METROPOLITANA SUR|SAN ANGEL
3541|D.F. AXOMIATLA|METROPOLITANA SUR|SANTA FE
3551|D.F. TEPEPAN|METROPOLITANA SUR|COAPA
3555|D.F. DIVISION VERTIZ|METROPOLITANA SUR|COYOACAN
3557|ANZURES|METROPOLITANA SUR|LOMAS
3568|D.F. LA VIGA TALLER|METROPOLITANA SUR|VIADUCTO
3571|D.F. NARVARTE|METROPOLITANA SUR|VIADUCTO
3577|SANTA CECILIA|METROPOLITANA NORTE|TLALNEPANTLA
3590|D.F. BODEGA AURRERA PLAZA CHURUBUSCO|METROPOLITANA SUR|BENITO JUAREZ
3600|PLAZA MOLIERE|METROPOLITANA NORTE|TOREO
3601|D.F. GUATEMALA|METROPOLITANA SUR|CENTRO
3602|D.F. METRO MOCTEZUMA|METROPOLITANA SUR|VENUSTIANO CARRANZA
3603|CIUDAD LABOR|METROPOLITANA NORTE|TULTITLAN
3604|D.F. MEGA COMERCIAL MIXCOAC|METROPOLITANA SUR|DEL VALLE
3606|PASEOS DE CHURUBUSCO|METROPOLITANA SUR|IZTAPALAPA
3608|D.F. DIVISION PACIFICO|METROPOLITANA SUR|COYOACAN
3635|PEMEX|METROPOLITANA NORTE|POLANCO
3639|LEYES DE REFORMA|METROPOLITANA SUR|IZTAPALAPA
3644|NEZA PALMAS|METROPOLITANA SUR|VENUSTIANO CARRANZA
3645|D.F. OCEANIA PEÑON|METROPOLITANA SUR|VENUSTIANO CARRANZA
3648|VIVEROS DE LA LOMA|METROPOLITANA NORTE|SATELITE
3651|ROBLES DOMINGUEZ|METROPOLITANA NORTE|VALLEJO
3658|D.F. COMERCIAL IZTAPALAPA|METROPOLITANA SUR|IZTAPALAPA
3661|D.F. OLIVAR DEL CONDE|METROPOLITANA SUR|INSURGENTES
3666|LOMAS INDEPENDENCIA|METROPOLITANA NORTE|INTERLOMAS
3667|ARBOLEDAS|METROPOLITANA NORTE|TLALNEPANTLA
3670|CASAS ALEMAN|METROPOLITANA NORTE|GUSTAVO A. MADERO
3671|PANTITLAN|METROPOLITANA SUR|VENUSTIANO CARRANZA
3672|SAN FELIPE DE JESUS|METROPOLITANA NORTE|GUSTAVO A. MADERO
3675|NEZA BENITO JUAREZ|METROPOLITANA SUR|NEZA
3681|D.F. SAN BERNABE|METROPOLITANA SUR|SAN ANGEL
3683|D.F. PARQUE SAN ANDRES|METROPOLITANA SUR|COYOACAN
3685|TULTITLAN|METROPOLITANA NORTE|TULTITLAN
3687|ATZACOALCO|METROPOLITANA NORTE|ECATEPEC
3689|CUAUTEPEC|METROPOLITANA NORTE|VALLEJO
3690|NEZA LAS AGUILAS|METROPOLITANA SUR|NEZA
3691|PROVIDENCIA ARAGON|METROPOLITANA NORTE|ECATEPEC
3694|NUEVA SANTA MARIA|METROPOLITANA NORTE|AZCAPOTZALCO
3697|D.F. MARTE|METROPOLITANA SUR|BENITO JUAREZ
3698|D.F. CONTRERAS CRUZ VERDE|METROPOLITANA SUR|SAN ANGEL
3700|D.F. AHORRO POSTAL|METROPOLITANA SUR|VIADUCTO
3702|FUENTES DEL VALLE|METROPOLITANA NORTE|TULTITLAN
3703|PLAZA ZARAGOZA|METROPOLITANA SUR|NEZA
3705|JARDINES DE MORELOS|METROPOLITANA NORTE|ECATEPEC
3708|GUSTAVO BAZ|METROPOLITANA NORTE|TOREO
3712|CANAL DEL NORTE|METROPOLITANA SUR|VENUSTIANO CARRANZA
3721|VALLE DE CHALCO|METROPOLITANA SUR|ORIENTE
3727|IBM LEGARIA|METROPOLITANA NORTE|INTERLOMAS
3728|D.F. PROCTER AND GAMBLE|METROPOLITANA NORTE|INTERLOMAS
3729|MODULO ADUANAL PANTACO|METROPOLITANA NORTE|VALLEJO
3736|PUEBLA LA LUZ|SUR|PUEBLA CENTRO
3740|PUEBLA ANIMAS VERGEL|SUR|PUEBLA SUR
3745|PUEBLA JUAN PABLO II|SUR|PUEBLA SUR
3749|PUEBLA LA PAZ|SUR|PUEBLA NORTE
3767|MONTERREY MADERO PONIENTE|NORESTE|MONTERREY NORTE
3769|MONTERREY NUEVO REPUEBLO|NORESTE|MONTERREY SUR
3773|SANTA CATARINA FIDEL VELAZQUEZ|NORESTE|MONTERREY VALLE
3782|GUADALUPE CENTRO|NORESTE|GUADALUPE
3788|MONTERREY HOSPITAL SAN JOSE|NORESTE|MONTERREY VALLE
3790|MONTERREY CERVECERIA|NORESTE|MONTERREY NORTE
3795|SANTA BARBARA|NORESTE|MONTERREY VALLE
3796|ESCOBEDO MODULO ADUANA|NORESTE|MONTERREY SAN NICOLAS
3797|APODACA MODULO ADUANA AEROPUERTO|NORESTE|MONTERREY SAN NICOLAS
3804|GUADALUPE COUNTRY AMERICAS|NORESTE|MONTERREY SUR
3818|MONTERREY LAS TORRES|NORESTE|MONTERREY SUR
3820|SAN NICOLAS GAMESA|NORESTE|MONTERREY SAN NICOLAS
3853|NUEVO LAREDO MODULO ADUANA COLOMBIA|NORESTE|TAMAULIPAS NORTE
3865|PLAZA PATRIA|OCCIDENTE|GUADALAJARA ZAPOPAN
3868|HIDALGO MUNGUIA|OCCIDENTE|GUADALAJARA VALLARTA
3875|ACUEDUCTO|OCCIDENTE|GUADALAJARA ZAPOPAN
3879|GUADALAJARA PLAZA ARBOLEDAS|OCCIDENTE|GUADALAJARA INDUSTRIAL
3884|GUADALAJARA MODULO ADUANAL AEROPUERTO|OCCIDENTE|GUADALAJARA TLAQUEPAQUE
3889|PLAZA MONTECASINO|OCCIDENTE|GUADALAJARA CENTRO
3891|ESTEBAN ALATORRE|OCCIDENTE|GUADALAJARA ORIENTE
3902|JARDINES UNIVERSIDAD|OCCIDENTE|GUADALAJARA VALLARTA
3908|EL SALTO IBM|OCCIDENTE|GUADALAJARA TLAQUEPAQUE
3916|CUERNAVACA PLAZA LAUREL|SUR|MORELOS NORTE
3918|JIUTEPEC CUAHUNAHUAC CIVAC|SUR|MORELOS SUR
3920|CUERNAVACA PLAZA LAS PALMAS|SUR|MORELOS NORTE
3923|CUERNAVACA UNIVERSIDAD|SUR|MORELOS NORTE
3925|CUERNAVACA SAN DIEGO|SUR|MORELOS SUR
3929|CUAUTLA REFORMA|SUR|MORELOS SUR
3931|PLAZA CINEMUNDO|SUR|MORELOS SUR
3939|AGUASCALIENTES EXPOPLAZA|BAJIO|AGUASCALIENTES
3974|MEXICALI CENTRO CIVICO|NOROESTE|MEXICALI
3979|MEXICALI PUEBLO NUEVO|NOROESTE|MEXICALI
4069|COATZACOALCOS MODULO PEMEX|SUR|COATZACOALCOS
4073|AGUA PRIETA MODULO ADUANAL|REGIONAL NOROESTE|SONORA NORTE
4102|D.F. TULYEHUALCO ERMITA|METROPOLITANA SUR|IZTAPALAPA
4107|TEQUESQUINAHUAC|METROPOLITANA NORTE|TLALNEPANTLA
4109|PACHUCA|BAJIO|PACHUCA NORTE
4117|BUENAVISTA|METROPOLITANA NORTE|AZCAPOTZALCO
4118|CORDOBA|METROPOLITANA SUR|CONDESA
4124|BARRILACO|METROPOLITANA SUR|LOMAS
4131|LINDAVISTA POLITECNICO|METROPOLITANA NORTE|GUSTAVO A. MADERO
4132|DEL ANGEL|METROPOLITANA SUR|CONDESA
4134|MEDICOS SATELITE|METROPOLITANA NORTE|SATELITE
4135|EL MOLINITO|METROPOLITANA NORTE|INTERLOMAS
4159|ARANDAS|REGIONAL OCCIDENTE|OCOTLAN
4163|YAHUALICA|REGIONAL OCCIDENTE|TEPATITLAN
4182|QUERETARO ABASTOS|BAJIO|QUERETARO ORIENTE
4302|MONTERREY GUERRERO|NORESTE|MONTERREY NORTE
4406|TOLUCA MODULO ADUANAL|METROPOLITANA NORTE|TOLUCA NORTE
4411|TOLUCA AEROPUERTO|METROPOLITANA NORTE|TOLUCA NORTE
4415|PUEBLA 31 PONIENTE|SUR|PUEBLA SUR
4427|VILLAHERMOSA UNION GANADERA|SURESTE|VILLAHERMOSA SUR
4447|MERIDA CAMPESTRE|SURESTE|MERIDA PONIENTE
4454|CHIHUAHUA PASCUAL OROZCO|NOROESTE|CHIHUAHUA PLAZA
4459|SAUCILLO|NOROESTE|CHIHUAHUA FORANEAS
4462|CUAUHTEMOC CAMPO 6 1/2|NOROESTE|CHIHUAHUA FORANEAS
4463|CD. JUAREZ INSURGENTES|NOROESTE|JUAREZ
4470|MONTERREY RUIZ CORTINES|NORESTE|GUADALUPE
4472|GARZA GARCIA PLAZA SAN PEDRO|NORESTE|MONTERREY VALLE
4603|POZA RICA PATIO SANTA EMILIA|SUR|TUXPAN
4604|TORRE DELPHI|NORESTE|MONTERREY SUR
4621|COMALCALCO PEMEX|SURESTE|VILLAHERMOSA NORTE
4628|COATZACOALCOS PLAZA FORUM|SUR|COATZACOALCOS
4629|MODULO SSP|METROPOLITANA SUR|LOMAS
4635|MULTIPLAZA LINDA VISTA|NORESTE|GUADALUPE
4640|PASEO CANCUN|SURESTE|CANCUN
4641|COMITAN CENTRAL DE ABASTOS|SURESTE|TAPACHULA
4642|MANZANILLO TORRE PUERTO|REGIONAL OCCIDENTE|COLIMA
4643|PLAZA ANDARES|OCCIDENTE|GUADALAJARA ZAPOPAN
4646|CAMINO REAL|OCCIDENTE|GUADALAJARA VALLARTA
4649|VILLA FLORESTA EN ROSARITO|NOROESTE|TIJUANA ENSENADA
4651|GALERIAS|SUR|CHILPANCINGO
4652|VERACRUZ COYOL|SUR|VERACRUZ
4653|PEMEX SALAMANCA|BAJIO|GUANAJUATO
4660|PEMEX CD MADERO|NORESTE|TAMAULIPAS SUR
4662|MORELIA ALTOZANO|REGIONAL OCCIDENTE|MORELIA ORIENTE
4664|FIESTA ANAHUAC MONTERREY|NORESTE|MONTERREY SAN NICOLAS
4665|PLAZA URUAPAN|REGIONAL OCCIDENTE|URUAPAN
4666|PLAZA VALLE ORIZABA|SUR|XALAPA
4669|FIRA|REGIONAL OCCIDENTE|MORELIA PONIENTE
4670|CENTRO COMERCIAL ATLACOMULCO|METROPOLITANA NORTE|TOLUCA NORTE
4671|PARQUE INDUSTRIAL OTAY|NOROESTE|TIJUANA PLAZA
4673|TUXPAN SORIANA|SUR|TUXPAN
4674|PLAZA MAZARI OAXACA|SUR|OAXACA
4676|PLAZA SAN DIEGO|SUR|PUEBLA NORTE
4677|PLAZA MIA METEPEC|METROPOLITANA NORTE|TOLUCA SUR
4678|GRAN SUR PUEBLA|SUR|PUEBLA CENTRO
4681|SENADO DE LA REPUBLICA|METROPOLITANA NORTE|REFORMA
4683|TIENDA UNAM|METROPOLITANA SUR|SAN ANGEL
4685|TOWN CENTER ZUMPANGO|METROPOLITANA NORTE|TULTITLAN
4690|PLAZA LAS AMERICAS|SUR|VERACRUZ
4691|NEZA ESTADIO|METROPOLITANA SUR|NEZA
4693|PLAZA MARAVILLAS|BAJIO|LEON SUR
4696|SAN JUAN DEL RIO MOCTEZUMA|BAJIO|QUERETARO ORIENTE
4697|CHILPANCINGO MEGA|SUR|CHILPANCINGO
4699|PARAISO PUERTO CEIBA|SURESTE|VILLAHERMOSA NORTE
4706|TORRES LANDA|BAJIO|LEON NORTE
4707|SORIANA ROSALES|REGIONAL NOROESTE|SINALOA NORTE
4710|PLAZA LAS PALMAS|SURESTE|TUXTLA
4711|SAN ISIDRO|METROPOLITANA NORTE|AZCAPOTZALCO
4718|TOWN CENTER ROSARIO|METROPOLITANA NORTE|AZCAPOTZALCO
4719|CIUDAD GRANJA|OCCIDENTE|GUADALAJARA VALLARTA
4722|PFP VALLEJO|METROPOLITANA NORTE|AZCAPOTZALCO
4725|MITRAS CENTRO|NORESTE|MONTERREY NORTE
4726|LOS ATRIOS|SUR|MORELOS SUR
4728|SAN CRISTOBAL EJE VIAL|SURESTE|TUXTLA
4730|PLAZA ANTEA|BAJIO|QUERETARO PONIENTE
4731|CANDILES|BAJIO|QUERETARO PONIENTE
4741|PLAZA ALTACIA|BAJIO|LEON SUR
4744|SANTA BARBARA LAS VILLAS|NORESTE|LA LAGUNA
4747|MEXIPUERTO|METROPOLITANA NORTE|ECATEPEC
4749|OAXACA MADERO|SUR|OAXACA
4752|NUEVO VERACRUZ|SUR|VERACRUZ
4753|"AV. DE LAS FUENTES
(ANTES FUENTES DEL PEDREGAL)"|METROPOLITANA SUR|SAN ANGEL
4754|SALTILLO COLOSIO|NORESTE|SALTILLO
4757|LAS JUNTAS|REGIONAL OCCIDENTE|PUERTO VALLARTA
4763|PFP MARINA NACIONAL|METROPOLITANA NORTE|POLANCO
4764|PACHUCA GRAN PATIO|BAJIO|PACHUCA SUR
4766|PLAZA CALABRIA|SUR|XALAPA
4769|CAMPECHE GALERIAS MALECON|SURESTE|CAMPECHE
4772|GARDEN SANTA FE|METROPOLITANA SUR|SANTA FE
4773|CENTRO LAGO DE GUADALUPE|METROPOLITANA NORTE|CUAUTITLAN
4774|HIPODROMO TAMAULIPAS|METROPOLITANA SUR|CONDESA
4775|GABRIEL MANCERA|METROPOLITANA SUR|DEL VALLE
4776|ESTACION FERROCARRIL|REGIONAL OCCIDENTE|ZAMORA
4777|PLAZA VELARIA|BAJIO|AGUASCALIENTES
4779|REYNOSA PLAZA AEROPUERTO|NORESTE|TAMAULIPAS NORTE
4780|AMARANTO|OCCIDENTE|GUADALAJARA ZAPOPAN
4781|PLAZA PATIO TULANCINGO|BAJIO|PACHUCA SUR
4782|MEGA LAS PALMAS|SUR|VERACRUZ
4783|MEXICALI UNIVERSIDAD|NOROESTE|MEXICALI
4784|PLAZA ARCOS|BAJIO|AGUASCALIENTES
4785|TUXTLA MIRADOR|SURESTE|TUXTLA
4789|PLAZA ARENAS|NORESTE|TAMAULIPAS SUR
4791|TOWN CENTER NICOLAS ROMERO|METROPOLITANA NORTE|TLALNEPANTLA
5001|POZA RICA PLAZA CRYSTAL|SUR|TUXPAN
5006|GUASAVE 16 DE SEPTIEMBRE|REGIONAL NOROESTE|SINALOA NORTE
5007|TAPACHULA PLAZA INN|SURESTE|TAPACHULA
5012|SAN LUIS RIO COLORADO RESIDENCIAS|NOROESTE|MEXICALI
5016|DURANGO BLVD. ARRIETA|NORESTE|DURANGO
5017|QUERETARO PIE DE LA CUESTA|BAJIO|QUERETARO PONIENTE
5019|LA PAZ SUROESTE|REGIONAL NOROESTE|BAJA CALIFORNIA SUR
5023|HACIENDAS DE AGUASCALIENTES|BAJIO|AGUASCALIENTES
5025|ZITACUARO PLAZA DEL SOL|REGIONAL OCCIDENTE|MORELIA ORIENTE
5026|PUEBLA ANGELOPOLIS|SUR|PUEBLA SUR
5027|JALAPA MURILLO VIDAL|SUR|XALAPA
5030|MERIDA MONTECRISTO|SURESTE|MERIDA ORIENTE
5041|SEVILLA DEL RIO|REGIONAL OCCIDENTE|COLIMA
5042|GUAYMAS GARCIA LOPEZ NORTE|REGIONAL NOROESTE|SONORA SUR
5043|PLAZA SANTA MARGARITA|OCCIDENTE|GUADALAJARA ZAPOPAN
5046|OAXACA UNIVERSIDAD|SUR|OAXACA
5047|SAYAVEDRA|METROPOLITANA NORTE|SATELITE
5048|CAMPESTRE TAXQUEÑA|METROPOLITANA SUR|COYOACAN
5049|REFINERIA TULA|BAJIO|PACHUCA NORTE
5050|LOS CABOS ARCOS DEL SOL|REGIONAL NOROESTE|BAJA CALIFORNIA SUR
5054|MONTERREY PLAZA REAL|NORESTE|MONTERREY VALLE
5055|MONTERREY LA ESTANZUELA|NORESTE|MONTERREY SUR
5058|TUXTLA MIRAVALLE|SURESTE|TUXTLA
5059|ENSENADA MISION|NOROESTE|TIJUANA ENSENADA
5060|TECATE ENCINOS|NOROESTE|TIJUANA PLAZA
5064|GALERIAS CUMBRES|NORESTE|MONTERREY NORTE
5067|LOS MOCHIS JARDINES DEL COUNTRY|REGIONAL NOROESTE|SINALOA NORTE
5072|TALAMANTE|REGIONAL NOROESTE|SONORA SUR
5076|PLAZA SAN MARCOS|METROPOLITANA NORTE|CUAUTITLAN
5079|VICTORIA CAMPESTRE|NORESTE|TAMAULIPAS SUR
5081|TLAXIACO OAXACA|SUR|OAXACA
5087|PUEBLA HERMANOS SERDAN|SUR|PUEBLA NORTE
5090|PLAZA SENDERO MONTERREY|NORESTE|MONTERREY SAN NICOLAS
5096|RODRIGUEZ TRIANA|NORESTE|LA LAGUNA
5107|CHOLULA PLAZA|SUR|PUEBLA NORTE
5110|CD JUAREZ PLAZA MISIONES|NOROESTE|JUAREZ
5111|HEROES TECAMAC|METROPOLITANA NORTE|TULTITLAN
5116|GUAMUCHIL EVORA|REGIONAL NOROESTE|SINALOA NORTE
5121|PLAZA CARRANZA|NOROESTE|MEXICALI
5122|P&G ALCE BLANCO|METROPOLITANA NORTE|INTERLOMAS
5124|PLAZA CUSPIDE|METROPOLITANA NORTE|SATELITE
5131|TLAJOMULCO MULTIPLAZA DEL VALLE|OCCIDENTE|GUADALAJARA TLAQUEPAQUE
5134|MONTERREY LAS PUENTES|NORESTE|MONTERREY SAN NICOLAS
5135|EXPO BBVA|METROPOLITANA SUR|SANTA FE
5137|BOSQUES DEL LAGO|METROPOLITANA NORTE|CUAUTITLAN
5138|PLAZA ANTARA POLANCO|METROPOLITANA NORTE|TOREO
5181|EL CASTAÑO PEMEX|SURESTE|VILLAHERMOSA NORTE
5184|OUTLET PUEBLA|SUR|PUEBLA PERIFERIA
5185|HEB CONDUCTORES|NORESTE|GUADALUPE
5187|AYOTLA|METROPOLITANA SUR|ORIENTE
5192|LOS CEDROS|METROPOLITANA NORTE|CUAUTITLAN
5196|LEON SAN JUAN BOSCO|BAJIO|LEON NORTE
5197|LEON PLAZA POLIFORUM|BAJIO|LEON SUR
5198|CORDOBA CRYSTAL|SUR|XALAPA
5199|VERACRUZ LAS BRISAS|SUR|VERACRUZ
5201|CHEDRAUI AJUSCO|METROPOLITANA SUR|SAN ANGEL
5203|PARQUE CELAYA|BAJIO|CELAYA
5205|TIJUANA MACRO PLAZA|NOROESTE|TIJUANA PLAZA
5206|SAN MARTIN CRYSTAL|SUR|PUEBLA PERIFERIA
5207|SAN MATEO ATENCO|METROPOLITANA NORTE|TOLUCA CENTRO
5215|XALAPA PLAZA AMERICAS|SUR|XALAPA
5217|CHIHUAHUA LOS NOGALES|NOROESTE|CHIHUAHUA PLAZA
5218|JUANACATLAN CENTRO|OCCIDENTE|GUADALAJARA TLAQUEPAQUE
5221|LA CURVA NICOLAS ROMERO|METROPOLITANA NORTE|TLALNEPANTLA
5227|CHALCO PLAZA LOS VOLCANES|METROPOLITANA SUR|ORIENTE
5228|LEON PLAZA OBELISCO|BAJIO|LEON SUR
5229|PLAZA EL MANANTIAL|OCCIDENTE|GUADALAJARA DEL SOL
5232|INDUSTRIAL LERMA|METROPOLITANA NORTE|TOLUCA NORTE
5234|MAZATLAN PLAZA DE TOROS|REGIONAL NOROESTE|SINALOA SUR
5235|ZARAGOZA GOMEZ FARIAS|METROPOLITANA SUR|VENUSTIANO CARRANZA
5236|TEXCOCO PLAZA LA PUERTA|METROPOLITANA SUR|NEZA
5237|HUIXQUILUCAN INTERPLAZA|METROPOLITANA NORTE|INTERLOMAS
5238|LAS HACIENDAS|NOROESTE|CHIHUAHUA PLAZA
5239|LOLA BELTRAN|REGIONAL NOROESTE|CULIACAN
5243|VILLAS DEL REAL TECAMAC|METROPOLITANA NORTE|TULTITLAN
5247|LOS OLIVOS|REGIONAL OCCIDENTE|COLIMA
5251|PACHUCA PLAZA UNIVERSIDAD|BAJIO|PACHUCA NORTE
5252|PACHUCA SAN JAVIER|BAJIO|PACHUCA SUR
5253|TOLUCA PARQUE INDUSTRIAL 2000|METROPOLITANA NORTE|TOLUCA NORTE
5257|PLAZA PATIO|NORESTE|SALTILLO
5259|PLAZA DIAMANTE|SUR|TLAXCALA
5262|TEHUACAN PLAZA PASEO|SUR|PUEBLA CENTRO
5269|IRAPUATO MERCADO DE ABASTOS|BAJIO|IRAPUATO
5270|DURANGO PLAZA PASEO|NORESTE|DURANGO
5272|QUERETARO SAN PABLO|BAJIO|QUERETARO PONIENTE
5274|ALTARIA AGUASCALIENTES|BAJIO|AGUASCALIENTES
5278|COAPA SAUCES|METROPOLITANA SUR|COAPA
5282|PLAZA TEZONTLE|METROPOLITANA SUR|IZTAPALAPA
5283|MATEHUALA|BAJIO|SAN LUIS POTOSI FORANEA
5285|TAPACHULA PLAZA COBALTO|SURESTE|TAPACHULA
5287|ANTON LIZARDO|SUR|VERACRUZ
5291|COATZACOALCOS PLAZA DEL MAR|SUR|COATZACOALCOS
5293|TONALA TONALTECAS|OCCIDENTE|GUADALAJARA TLAQUEPAQUE
5294|SALINA CRUZ REFINERIA|SUR|OAXACA
5297|NAYAR ABASTOS TEPIC|REGIONAL OCCIDENTE|NAYARIT
5301|SUCHIATE II|SURESTE|TAPACHULA
5304|NESTLE MEXICO|METROPOLITANA NORTE|POLANCO
5346|PLAZA ACOXPA|METROPOLITANA SUR|COAPA
5359|PIEDRAS NEGRAS NUEVA BUENAVISTA|NORESTE|COAHUILA NORTE
5367|SAN BUENAVENTURA|NORESTE|COAHUILA NORTE
5387|COLIMA CUAUHTEMOC|REGIONAL OCCIDENTE|COLIMA
5430|DURANGO FRANCISCO VILLA|NORESTE|DURANGO
5455|PLAZA MARINA|REGIONAL OCCIDENTE|PUERTO VALLARTA
5465|PRINCIPAL TEPATITLAN|REGIONAL OCCIDENTE|TEPATITLAN
5488|PONCITLAN|REGIONAL OCCIDENTE|OCOTLAN
5495|TENAMAXTLAN|REGIONAL OCCIDENTE|AMECA
5500|IRAPUATO INSURGENTES|BAJIO|IRAPUATO
5501|IRAPUATO PRADERA|BAJIO|IRAPUATO
5509|CELAYA GAMESA|BAJIO|CELAYA
5540|ACAPULCO VARIEDADES|SUR|ACAPULCO
5543|ACAPULCO EJIDO|SUR|ACAPULCO
5545|ACAPULCO RENACIMIENTO|SUR|ACAPULCO
5553|CHILPANCINGO INSURGENTES|SUR|CHILPANCINGO
5556|IGUALA MERCADO|SUR|CHILPANCINGO
5561|TAXCO PLATEROS|SUR|CHILPANCINGO
5563|ATOYAC CENTRO|SUR|ACAPULCO
5583|PACHUCA BODEGA AURRERA PACHUCA|BAJIO|PACHUCA SUR
5615|MORELIA CHAPULTEPEC|REGIONAL OCCIDENTE|MORELIA ORIENTE
5618|MERCADO SAN JUAN|REGIONAL OCCIDENTE|MORELIA PONIENTE
5627|MORELIA CAMPESTRE|REGIONAL OCCIDENTE|MORELIA ORIENTE
5665|TECUALA|REGIONAL OCCIDENTE|NAYARIT
5682|OAXACA MERCADO|SUR|OAXACA
5684|OAXACA PERIFERICO|SUR|OAXACA
5724|QUERETARO EJERCITO REPUBLICANO|BAJIO|QUERETARO ORIENTE
5727|JARDINES DE LA HACIENDA|BAJIO|QUERETARO PONIENTE
5729|QUERETARO PLAZA DEL RIO|BAJIO|QUERETARO PONIENTE
5768|SAN LUIS POTOSI TANGAMANGA|BAJIO|SAN LUIS POTOSI URBANA
5771|SAN LUIS POTOSI GLORIETA|BAJIO|SAN LUIS POTOSI URBANA
5774|SAN LUIS POTOSI LOMAS|BAJIO|SAN LUIS POTOSI URBANA
5803|HERMOSILLO VERACRUZ|REGIONAL NOROESTE|HERMOSILLO
5809|HERMOSILLO MORELOS|REGIONAL NOROESTE|HERMOSILLO
5811|HERMOSILLO PERINORTE|REGIONAL NOROESTE|HERMOSILLO
5813|HERMOSILLO MODULO FORD|REGIONAL NOROESTE|HERMOSILLO
5835|VILLAHERMOSA ATASTA|SURESTE|VILLAHERMOSA SUR
5837|VILLAHERMOSA LOPEZ MATEOS|SURESTE|VILLAHERMOSA NORTE
5841|VILLAHERMOSA CARRIZALES|SURESTE|VILLAHERMOSA NORTE
5853|PUERTO DOS BOCAS PEMEX|SURESTE|VILLAHERMOSA NORTE
5858|TAMPICO AVENIDA|NORESTE|TAMAULIPAS SUR
5864|TAMPICO UNIVERSIDAD|NORESTE|TAMAULIPAS SUR
5900|VERACRUZ PLAZA CRYSTAL|SUR|VERACRUZ
5909|JALAPA MERCADO|SUR|XALAPA
5916|XICO|SUR|XALAPA
5917|CORDOBA CAMPESTRE|SUR|XALAPA
5937|MERIDA PONIENTE|SURESTE|MERIDA PONIENTE
5953|ZACATECAS OFNA. PRINCIPAL|BAJIO|ZACATECAS
5983|TORREON ALAMEDA|NORESTE|LA LAGUNA
6502|TUXPAN JARDINES|SUR|TUXPAN
6540|TOLUCA PLAZA AMERICAS|METROPOLITANA NORTE|TOLUCA CENTRO
6541|NVO LAREDO MOD ADUANA NVO LAREDO PUENTE3|NORESTE|TAMAULIPAS NORTE
6542|TOLUCA HIDALGO|METROPOLITANA NORTE|TOLUCA CENTRO
6553|MEX. SAN FELIPE DEL PROGRESO|METROPOLITANA NORTE|TOLUCA NORTE
6579|CD. OBREGON VALLE|REGIONAL NOROESTE|SONORA SUR
6600|TIJUANA ADUANA|NOROESTE|TIJUANA PLAZA
6601|TIJUANA SAUCILLOS|NOROESTE|TIJUANA PLAZA
6607|ENSENADA JUAREZ|NOROESTE|TIJUANA ENSENADA
6612|CD. JUAREZ HERMANOS ESCOBAR|NOROESTE|JUAREZ
6615|CD. JUAREZ CAMPESTRE|NOROESTE|JUAREZ
6616|CD. JUAREZ NOGALES|NOROESTE|JUAREZ
6635|COATZACOALCOS PETROLERA|SUR|COATZACOALCOS
6653|LEON SAN MIGUEL|BAJIO|LEON NORTE
6681|CD. REYNOSA CENTRO|NORESTE|TAMAULIPAS NORTE
6703|COMITAN BOULEVARD|SURESTE|TAPACHULA
6724|ZAMORA 5 DE MAYO|REGIONAL OCCIDENTE|ZAMORA
6781|CULIACAN CC SORIANA|REGIONAL NOROESTE|CULIACAN
6784|CULIACAN PLAZA IBIZA|REGIONAL NOROESTE|CULIACAN
6785|CULIACAN DR. MORA|REGIONAL NOROESTE|CULIACAN
6833|TENANGO DEL VALLE|METROPOLITANA NORTE|TOLUCA SUR
6861|IXTACZOQUITLAN|SUR|XALAPA
0340|Yuridia Hidalgo|BAJIO|IRAPUATO
0456|CAPILLA DE GUADALUPE|REGIONAL OCCIDENTE|TEPATITLAN
0458|UNION DE SAN ANTONIO|REGIONAL OCCIDENTE|TEPATITLAN
0491|JALOSTOTITLAN|REGIONAL OCCIDENTE|TEPATITLAN
0625|San Quintin|Noroeste|TIJUANA ENSENADA
0885|SITE AEROPUERTO|METRO SUR|VENUSTIANO CARRANZA
0923|SITE LOMAS ESTRELLA|METRO SUR|
0924|SITE TLÁHUAC|METRO SUR|
0937|PESQUERIA NUEVO LEON|NORESTE|MONTERREY SAN NICOLAS
0942|SITE MIGUEL ANGEL DE QUEVEDO|METRO SUR|INSURGENTES
1065|Ajijic|REGIONAL OCCIDENTE|OCOTLAN
1099|MASCOTA|REGIONAL OCCIDENTE|PUERTO VALLARTA
1202|AUTLAN|REGIONAL OCCIDENTE|AMECA
1230|TEPALCATEPEC ALTAMIRANO|REGIONAL OCCIDENTE|URUAPAN
1232|TANGANCICUARO|REGIONAL OCCIDENTE|ZAMORA
1239|YURECUARO GUERRERO|REGIONAL OCCIDENTE|LA PIEDAD
1242|COTIJA|REGIONAL OCCIDENTE|ZAMORA
1244|SAN JOSÉ DE GRACIA|REGIONAL OCCIDENTE|ZAMORA
1246|DEGOLLADO|REGIONAL OCCIDENTE|OCOTLAN
1249|Acatlán|REGIONAL OCCIDENTE|AMECA
1615|SITE BODEGA AURRERÁ CABEZA DE JUÁREZ|METRO SUR|
3762|SITE UNIVERSIDAD|METRO SUR|COYOACAN
3989|CD. Morelos Ofna Principal|Noroeste|MEXICALI
3994|Luis B. Sanchez Ofna Principal|Noroeste|MEXICALI
4140|CRUZ AZUL|BAJIO|PACHUCA NORTE
4195|VILLA HIDALGO|REGIONAL OCCIDENTE|TEPATITLAN
4431|EMILIANO ZAPATA CENTRO|SURESTE|VILLAHERMOSA SUR
4656|PEMEX CADEREYTA|NORESTE|GUADALUPE
5189|TOTOTLAN|REGIONAL OCCIDENTE|OCOTLAN
5214|DIAZ ORDAZ|REGIONAL OCCIDENTE|TEPATITLAN
5289|SAN JULIAN|REGIONAL OCCIDENTE|TEPATITLAN
5363|SABINAS OFNA. PRINCIPAL|NORESTE|COAHUILA NORTE
5598|MIXQUIHUALA|BAJIO|PACHUCA NORTE
5600|Pachuca Tasquillo|BAJIO|PACHUCA NORTE
5639|HUETAMO|REGIONAL OCCIDENTE|URUAPAN
5663|TUXPAN NAYARIT|REGIONAL OCCIDENTE|NAYARIT
5678|LA PEÑITA|REGIONAL OCCIDENTE|PUERTO VALLARTA
5702|Asunción Nochixtlán|Sur|OAXACA
5750|CADEREYTA CENTRO|BAJIO|QUERETARO ORIENTE
5787|Ciudad del Maíz Centro|BAJIO|SAN LUIS POTOSI FORANEA
5789|CERRITOS CENTRO|BAJIO|SAN LUIS POTOSI FORANEA
5968|OJOCALIENTE CENTRO|BAJIO|ZACATECAS
5972|TEUL DE GONZALEZ|BAJIO|ZACATECAS
6532|EBANO|BAJIO|SAN LUIS POTOSI FORANEA
6610|Maneadero|Noroeste|TIJUANA ENSENADA
6689|CD. RIO BRAVO|NORESTE|TAMAULIPAS NORTE
6695|CD. VALLE HERMOSO|NORESTE|TAMAULIPAS NORTE
6752|Panindicuaro Ocampo|REGIONAL OCCIDENTE|LA PIEDAD
0004|NAUCALPAN PERIFERICO|Metro Norte|Interlomas 2
0006|POLANCO CASTELAR|Metro Norte|Polanco 3
0025|CÁMARA DE DIPUTADOS|METROPOLITANA SUR|CENTRO
0035|ARQUITECTOS SATELITE|Metro Norte|Satelite 2
0053|CUAUTITLAN GLORIETA|Metro Norte|Cuautitlan 1
0056|PAFNUNCIO PADILLA|Metro Norte|Satelite 1
0065|MERCED CRUCES|METROPOLITANA SUR|CENTRO
0067|REFORMA REVOLUCION|Metro Norte|Reforma 3
0070|D.F. HOTEL DE MEXICO|METROPOLITANA SUR|DEL VALLE
0114|PABELLON METEPEC|Metro Norte|Toluca Sur 1
0134|LAS ARMAS|Metro Norte|Azcapotzalco 2
0205|MONTERREY GONZALITOS|NORESTE|MONTERREY NORTE
0209|MONTERREY FELIX U. GOMEZ|NORESTE|MONTERREY NORTE
0220|MONTERREY PINO SUAREZ|NORESTE|MONTERREY NORTE
0223|MONTERREY TEC|NORESTE|MONTERREY SUR
0231|D.F. CABEZA DE JUAREZ|METROPOLITANA SUR|ORIENTE
0247|VALLE VERDE|Metro Norte|Satelite 2
0256|SAN NICOLAS SANTO DOMINGO|NORESTE|MONTERREY SAN NICOLAS
0262|SALTILLO CENTRO|NORESTE|SALTILLO
0281|GOMEZ PALACIO ROSAS|NORESTE|LA LAGUNA
0295|CD. JUAREZ ZONA DORADA|NOROESTE|JUAREZ
0335|SAN LUIS POTOSI ABASTOS|BAJIO|SAN LUIS POTOSI URBANAS
0351|JUAREZ CENTRO|NOROESTE|JUAREZ
0392|DELICIAS MORIN|NOROESTE|CHIHUAHUA FORANEAS
0417|RIO ATOTONILCO|OCCIDENTE|GUADALAJARA INDUSTRIAL
0418|TONALA ZARAGOZA|OCCIDENTE|GUADALAJARA TLAQUEPAQUE
0423|AMERICAS NERUDA|OCCIDENTE|GUADALAJARA ZAPOPAN
0427|ATEMAJAC|OCCIDENTE|GUADALAJARA CENTRO
0434|PLAZA MÉXICO|OCCIDENTE|GUADALAJARA VALLARTA
0437|SANTA ANITA RAMON CORONA|OCCIDENTE|GUADALAJARA DEL SOL
0505|PUEBLA ESMERALDA|SUR|PUEBLA NORTE
0520|PUEBLA SAN MANUEL|SUR|PUEBLA CENTRO
0551|COATZACOALCOS ZARAGOZA|SUR|COATZACOALCOS
0570|CUERNAVACA CUAUHTEMOC|SUR|MORELOS NORTE
0583|ACAPULCO COSTA AZUL|SUR|ACAPULCO
0596|ZAPOPAN PLAZA SUR|OCCIDENTE|GUADALAJARA DEL SOL
0601|TIJUANA LA MESA|NOROESTE|TIJUANA PLAZA
0602|TIJUANA CECUT|NOROESTE|TIJUANA ENSENADA
0614|TIJUANA PLAYAS PEDREGAL|NOROESTE|TIJUANA ENSENADA
0621|LA PAZ MALECON|REGIONAL NOROESTE|BAJA CALIFORNIA SUR
0629|PLAN DE SAN LUIS|OCCIDENTE|GUADALAJARA CENTRO
0651|HERMOSILLO PITIC|REGIONAL NOROESTE|HERMOSILLO
0670|JUSTO SIERRA MEXICALI|NOROESTE|MEXICALI
0726|PLAZA LAS TIENDAS CANCUN|SURESTE|CANCUN
0733|WALMART MOCHIS|REGIONAL NOROESTE|SINALOA NORTE
0743|MIRAMAR|NORESTE|TAMAULIPAS SUR
0762|TERMINAL MARÍTIMA|NORESTE|TAMAULIPAS SUR
0771|MERIDA CAUCEL|SURESTE|MERIDA PONIENTE
0777|OJUELOS|Metro Norte|Toluca Norte 2
0791|VILLA IZCALLI|REGIONAL OCCIDENTE|COLIMA
0792|MODULO NISSAN|BAJIO|AGUASCALIENTES
0797|SIERRA MADRE|NOROESTE|CHIHUAHUA FORANEAS
0854|COZUMEL CENTRO|SURESTE|CANCUN
0870|NUEVO LAREDO SORIANA LA FE|NORESTE|TAMAULIPAS NORTE
0880|TRES CULTURAS|NOROESTE|CHIHUAHUA FORANEAS
0884|SITE CUITLAHUAC|Metro Norte|Azcapotzalco 1
0889|FELIX RAMIREZ|REGIONAL OCCIDENTE|TEPATITLAN
0965|MODULO ADUANAL BC|REGIONAL NOROESTE|BAJA CALIFORNIA SUR
1016|LA PIEDAD GALERIAS DEL RIO|REGIONAL OCCIDENTE|LA PIEDAD
1070|GUADALAJARA LOMAS DE POLANCO|OCCIDENTE|GUADALAJARA INDUSTRIAL
1075|PLAZA LOMAS RIO NILO|OCCIDENTE|GUADALAJARA TLAQUEPAQUE
1102|AVIACION|OCCIDENTE|GUADALAJARA ZAPOPAN
1170|CUAUHTEMOC PLAZA MAGNOLIA|NOROESTE|CHIHUAHUA FORANEAS
1174|PLAZA CALZADA SAN PEDRO|NORESTE|MONTERREY VALLE
1218|MERCADO DE ABASTOS|REGIONAL OCCIDENTE|MORELIA ORIENTE
1221|MERCADO INDEPENDENCIA|REGIONAL OCCIDENTE|MORELIA PONIENTE
1283|D.F. TLALPAN|METROPOLITANA SUR|COAPA
1288|D.F. CENTRAL DE ABASTOS I|METROPOLITANA SUR|IZTAPALAPA
1295|MODULO INSTITUTO MEXICANO DEL PETROLEO|Metro Norte|Vallejo
1367|GRAN PLAZA CANCUN|SURESTE|CANCUN
1368|ZENTRALIA|REGIONAL OCCIDENTE|COLIMA
1395|ARBOLEDAS|NORESTE|MONTERREY VALLE
1396|PLAZA AKROPOLIS|SURESTE|MERIDA PONIENTE
1407|PLAZA ODARA|SURESTE|MERIDA ORIENTE
1408|PLAZA UBIKA JURIQUILLA|BAJIO|QUERETARO PONIENTE
1409|PUERTA LA VICTORIA|BAJIO|QUERETARO ORIENTE
1417|PUNTO SUR|OCCIDENTE|GUADALAJARA DEL SOL
1423|VIA CORDILLERA|NORESTE|MONTERREY VALLE
1510|IPN ZACATENCO|Metro Norte|Gustavo A. Madero 1
1522|PUNTO VALLE|NORESTE|MONTERREY VALLE
3369|BICENTENARIO AZCAPOTZALCO|Metro Norte|Toreo 2
3428|ATIZAPAN|Metro Norte|Tlalnepantla 1
3432|San Antonio Abad|METROPOLITANA SUR|VIADUCTO
3443|LOMAS VERDES 414|Metro Norte|Toreo 3
3467|SANDALO|Metro Norte|Vallejo 2
3480|AVILA CAMACHO|Metro Norte|Toreo 1
3487|AUCHAN SATELITE|Metro Norte|Satelite 1
3497|SAN JUAN DE ARAGON|Metro Norte|Gustavo A. Madero 2
3544|CENTRO MÉDICO|METROPOLITANA SUR|VIADUCTO
3559|TECNOLOGICO DE MONTERREY|Metro Norte|Tlalnepantla 3
3576|BODEGA AURRERA SANTA FÉ BELEM|METROPOLITANA SUR|INSURGENTES
3593|IBM DE MËXICO|METROPOLITANA SUR|SANTA FE
3617|BELLAVISTA SATELITE|Metro Norte|Satelite 3
3634|SEGUROS MONTERREY|Metro Norte|Reforma 2
3654|CULHUACAN|METROPOLITANA SUR|IZTAPALAPA
3711|TICOMAN|Metro Norte|Vallejo 3
3742|PUEBLA LA MARGARITA|SUR|PUEBLA CENTRO
3744|PUEBLA VW|SUR|PUEBLA PERIFERIA
3747|PUEBLA MAYORAZGO|SUR|PUEBLA CENTRO
3770|MONTERREY UNIVERSIDAD|NORESTE|MONTERREY SAN NICOLAS
3822|MONTERREY CAMPUS TEC|NORESTE|MONTERREY SUR
3850|NUEVO LAREDO JARDIN|NORESTE|TAMAULIPAS NORTE
3873|BASILICA|OCCIDENTE|GUADALAJARA ZAPOPAN
3874|TLAQUEPAQUE NUEVA CENTRAL CAMIONERA|OCCIDENTE|GUADALAJARA TLAQUEPAQUE
3909|TLAQUEPAQUE ITESO|OCCIDENTE|GUADALAJARA DEL SOL
3982|GONZALEZ ORTEGA|NOROESTE|MEXICALI
3985|VISTA HERMOSA Mexicali|NOROESTE|MEXICALI
4130|INSURGENTES POTRERO|Metro Norte|Gustavo A. Madero 3
4260|TOLUCA CHRYSLER|Metro Norte|Toluca Centro 1
4449|MERIDA MERCADO|SURESTE|MERIDA PONIENTE
4466|ZARAGOZA|NOROESTE|JUAREZ
4601|CAMPECHE CENTRAL|SURESTE|CAMPECHE
4602|TEPIC XALISCO|REGIONAL OCCIDENTE|NAYARIT
4605|TELEFÓNICA MOVISTAR|METROPOLITANA SUR|SANTA FE
4609|LA PAZ COLOSIO|REGIONAL NOROESTE|BAJA CALIFORNIA SUR
4611|MINATITLAN REFINERIA|SUR|COATZACOALCOS
4615|VILLAHERMOSA GUAYABAL|SURESTE|VILLAHERMOSA SUR
4617|SUN MALL PABLO LIVAS|NORESTE|GUADALUPE
4631|JIUTEPEC MOCTEZUMA|SUR|MORELOS SUR
4634|LA RAZA|Metro Norte|Vallejo 2
4638|METROPOLI PATRIOTISMO|METROPOLITANA SUR|DEL VALLE
4650|URIANGATO GALERÍAS|BAJIO|IRAPUATO
4658|TEC CAMPUS GUADALAJARA|OCCIDENTE|GUADALAJARA ZAPOPAN
4659|MÓDULO PEMEX TUXPAN|SUR|
4667|MÓDULO VW PONIENTE|SUR|PUEBLA PERIFERIA
4675|PABELLON CUMBRES CANCUN|SURESTE|CANCUN
4679|SECRETARIA DE EDUCACION JALISCO|OCCIDENTE|GUADALAJARA ZAPOPAN
4687|PLAZA MILLENIUM|BAJIO|QUERETARO ORIENTE
4694|PLAZA DE LOS NARANJOS|BAJIO|LEON SUR
4698|CHETUMAL PLAZA BAHIA|SURESTE|CANCUN
4733|GALERIAS CELAYA|BAJIO|CELAYA
4742|GALERIAS MONTERREY|NORESTE|MONTERREY VALLE
4758|PLAZA ARBOLEDAS PACHUCA|BAJIO|PACHUCA NORTE
4760|INDUSTRIAL 8 DE JULIO|OCCIDENTE|GUADALAJARA INDUSTRIAL
4765|GRAN PATIO TLAXCALA|SUR|TLAXCALA
4767|BOULEVARD ACAPULCO|NORESTE|GUADALUPE
4778|HEB LA PUERTA|NORESTE|MONTERREY VALLE
4787|CITADELLA|BAJIO|SAN LUIS POTOSI URBANAS
4790|ZONA AZUL SATÉLITE|Metro Norte|Satelite 2
4793|PLAZA LAS AMERICAS|REGIONAL OCCIDENTE|URUAPAN
5003|VICENTE GUERRERO|Metro Norte|Toluca Centro 1
5004|REYNOSA PLAZA JUAREZ|NORESTE|TAMAULIPAS NORTE
5008|TULANCINGO LA FUENTE|BAJIO|PACHUCA SUR
5015|CULIACAN TRES RIOS|REGIONAL NOROESTE|CULIACAN
5024|METEPEC SAN ISIDRO|Metro Norte|Toluca Sur 1
5031|LAS AMERICAS CHETUMAL|SURESTE|CANCUN
5032|NUEVO MEXICALI|NOROESTE|MEXICALI
5039|PUEBLA XILOTZINGO|SUR|PUEBLA CENTRO
5040|MERIDA FRANCISCO DE MONTEJO|SURESTE|MERIDA PONIENTE
5051|NOGALES EL GRECO|REGIONAL NOROESTE|SONORA NORTE
5053|ACAPULCO DIAMANTE|SUR|ACAPULCO
5057|CANCUN KABAH|SURESTE|CANCUN
5065|GALERIAS VALLE ORIENTE|NORESTE|MONTERREY VALLE
5073|SORIANA SAN JOAQUIN|SURESTE|VILLAHERMOSA SUR
5082|San Pedro Mártir|METROPOLITANA SUR|COAPA
5095|SAN JOSE DEL CABO SANTA ROSA|REGIONAL NOROESTE|BAJA CALIFORNIA SUR
5113|PARRAL ALTAVISTA|NOROESTE|CHIHUAHUA FORANEAS
5180|AZTECAS UDLA|SUR|PUEBLA NORTE
5194|CETYS|NOROESTE|MEXICALI
5204|PLAZA LUCIERNAGA SM ALLENDE|BAJIO|GUANAJUATO
5246|DEL LAG|SURESTE|CAMPECHE
5248|SAN JOSE DEL CABO PENINSULA|REGIONAL NOROESTE|BAJA CALIFORNIA SUR
5249|LA MOREÑA|REGIONAL OCCIDENTE|OCOTLAN
5256|PLAZA SENDERO MATAMOROS|NORESTE|TAMAULIPAS NORTE
5275|PLAZA MILENIUM|Metro Norte|Tlalnepantla 2
5279|DOMINGO DIEZ|SUR|MORELOS NORTE
5290|TOLUCA OCHO CEDROS|Metro Norte|Toluca Sur 2
5303|NISSAN|BAJIO|AGUASCALIENTES
5305|COCA COLA|METROPOLITANA SUR|LOMAS
5327|CD. DEL CARMEN MARINA PEMEX|SURESTE|CAMPECHE
5335|SALTILLO ABASTOS|NORESTE|SALTILLO
5351|MONCLOVA GALERIAS|NORESTE|COAHUILA NORTE
5382|MANZANILO PRINCIPAL|REGIONAL OCCIDENTE|COLIMA
5391|TAPACHULA BOULEVARD COMERCIO|SURESTE|TAPACHULA
5410|CHIHUAHUA CC MIRADOR|NOROESTE|CHIHUAHUA PLAZA
5423|HIDALGO DEL PARRAL GLORIETA|NOROESTE|CHIHUAHUA FORANEAS
5508|CELAYA JARDINES|BAJIO|CELAYA
5544|ACAPULCO CUAUHTEMOC|SUR|ACAPULCO
5617|MORELIA INDUSTRIA|REGIONAL OCCIDENTE|MORELIA PONIENTE
5654|MERCADO TEPIC|REGIONAL OCCIDENTE|NAYARIT
5762|CANCUN PLAZA PORTALES|SURESTE|CANCUN
5765|PLAYA DEL CARMEN OFNA PRINCIPAL|SURESTE|CANCUN
5807|HERMOSILLO OCOTILLO|REGIONAL NOROESTE|HERMOSILLO
5812|HERMOSILLO OLIVARES|REGIONAL NOROESTE|HERMOSILLO
5838|VILLAHERMOSA GALERIAS|SURESTE|VILLAHERMOSA NORTE
5859|TAMPICO MERCADOS|NORESTE|TAMAULIPAS SUR
5865|PLAZA ALTAMA|NORESTE|TAMAULIPAS SUR
5871|MÓDULO ADUANAL ALTAMIRA TAMAULIPAS|NORESTE|TAMAULIPAS SUR
5906|VERACRUZ MODULO ADUANAL RECINTO PORTUARIO|SUR|VERACRUZ
5934|MERIDA COMERCIO|SURESTE|MERIDA PONIENTE
5967|GUADALUPE CENTRO|BAJIO|ZACATECAS
6558|IXTLAHUACA|Metro Norte|Toluca Norte 2
6566|MEX. OCOYOACAC|Metro Norte|Toluca Norte 1
6603|TIJUANA UNIVERSIDAD|NOROESTE|TIJUANA PLAZA
6614|CD. JUAREZ MODULO ADUANA PUENTE CORDOVA|NOROESTE|JUAREZ
6758|URUAPAN BENITO JUAREZ|REGIONAL OCCIDENTE|URUAPAN
6812|CABO SAN LUCAS OFNA. PRINCIPAL|REGIONAL NOROESTE|BAJA CALIFORNIA SUR
6865|CHIHUAHUA 2000|NOROESTE|CHIHUAHUA PLAZA
